{"type":"FeatureCollection", "features": [
{"type":"Feature","geometry":{"type":"Polygon","coordinates":[[[108.855476114564,-7.68370455339542],[108.857609189605,-7.68684029047403],[108.85635210576,-7.687669158549239],[108.849977820409,-7.68500671948529],[108.844366282887,-7.685324872164969],[108.846920604539,-7.688204802208431],[108.853094665524,-7.69024513322],[108.860329636852,-7.69402131817744],[108.85914268304,-7.68806119242845],[108.855476114564,-7.68370455339542]]]},"properties":{"Name":null,"description":null,"KETERANGAN":"Kaw Perlindungan mangrove","POLA_RUANG":"Kawasan Lindung"}},
{"type":"Feature","geometry":{"type":"Polygon","coordinates":[[[108.844195973041,-7.689641627422611],[108.838582068214,-7.68515551465805],[108.839252830149,-7.68713944679869],[108.841434027254,-7.688630449625],[108.844195973041,-7.689641627422611]]]},"properties":{"Name":null,"description":null,"KETERANGAN":"Kaw Perlindungan mangrove","POLA_RUANG":"Kawasan Lindung"}},
{"type":"Feature","geometry":null,"properties":{"Name":null,"description":null,"KETERANGAN":"Kaw Perlindungan mangrove","POLA_RUANG":"Kawasan Lindung"}},
{"type":"Feature","geometry":{"type":"Polygon","coordinates":[[[108.875556448668,-7.696872589811591],[108.873786210247,-7.69250134453854],[108.872254779228,-7.695454379572199],[108.875556448668,-7.696872589811591]]]},"properties":{"Name":null,"description":null,"KETERANGAN":"Kaw Perlindungan mangrove","POLA_RUANG":"Kawasan Lindung"}},
{"type":"Feature","geometry":{"type":"Polygon","coordinates":[[[108.867870961114,-7.657144963354221],[108.87263437495,-7.65523387223377],[108.870759863508,-7.65393044025822],[108.86810596408,-7.654385950536811],[108.867870961114,-7.657144963354221]]]},"properties":{"Name":null,"description":null,"KETERANGAN":"Kaw Perlindungan mangrove","POLA_RUANG":"Kawasan Lindung"}},
{"type":"Feature","geometry":null,"properties":{"Name":null,"description":null,"KETERANGAN":"Kaw Perlindungan mangrove","POLA_RUANG":"Kawasan Lindung"}},
{"type":"Feature","geometry":null,"properties":{"Name":null,"description":null,"KETERANGAN":"Kaw Perlindungan mangrove","POLA_RUANG":"Kawasan Lindung"}},
{"type":"Feature","geometry":{"type":"Polygon","coordinates":[[[108.887062173913,-7.66287386902076],[108.886280080328,-7.66110765514899],[108.882588759387,-7.661300553115299],[108.879812510029,-7.66010650398716],[108.875950931186,-7.66068740271056],[108.875648469797,-7.663570866420359],[108.884209289614,-7.662639934371],[108.887062173913,-7.66287386902076]]]},"properties":{"Name":null,"description":null,"KETERANGAN":"Kaw Perlindungan mangrove","POLA_RUANG":"Kawasan Lindung"}},
{"type":"Feature","geometry":null,"properties":{"Name":null,"description":null,"KETERANGAN":"Kaw Perlindungan mangrove","POLA_RUANG":"Kawasan Lindung"}},
{"type":"Feature","geometry":null,"properties":{"Name":null,"description":null,"KETERANGAN":"Kaw Perlindungan mangrove","POLA_RUANG":"Kawasan Lindung"}},
{"type":"Feature","geometry":{"type":"Polygon","coordinates":[[[108.862104114745,-7.657764194177449],[108.868039729419,-7.651565408050629],[108.862498108103,-7.65067016758861],[108.858370446276,-7.65474549825948],[108.855050282632,-7.655426293056639],[108.860240973404,-7.6583309799786],[108.862104114745,-7.657764194177449]]]},"properties":{"Name":null,"description":null,"KETERANGAN":"Kaw Perlindungan mangrove","POLA_RUANG":"Kawasan Lindung"}},
{"type":"Feature","geometry":null,"properties":{"Name":null,"description":null,"KETERANGAN":"Kaw Perlindungan mangrove","POLA_RUANG":"Kawasan Lindung"}},
{"type":"Feature","geometry":{"type":"Polygon","coordinates":[[[108.830686712561,-7.61989729917634],[108.832387994607,-7.61710838184811],[108.823197821224,-7.61562534761971],[108.822628983325,-7.61838329798252],[108.823568540208,-7.62578094216629],[108.8227633884,-7.63232372520172],[108.823953084229,-7.63225938252795],[108.825164740487,-7.62838377549514],[108.828671794253,-7.62386739608001],[108.830686712561,-7.61989729917634]]]},"properties":{"Name":null,"description":null,"KETERANGAN":"Kaw Perlindungan mangrove","POLA_RUANG":"Kawasan Lindung"}},
{"type":"Feature","geometry":null,"properties":{"Name":null,"description":null,"KETERANGAN":"Kaw Perlindungan mangrove","POLA_RUANG":"Kawasan Lindung"}},
{"type":"Feature","geometry":null,"properties":{"Name":null,"description":null,"KETERANGAN":"Kaw Perlindungan mangrove","POLA_RUANG":"Kawasan Lindung"}},
{"type":"Feature","geometry":{"type":"Polygon","coordinates":[[[108.871908446376,-7.674797671730781],[108.878924053149,-7.673716317201661],[108.879429980029,-7.67161603591187],[108.86978288005,-7.66893713299906],[108.871908446376,-7.674797671730781]]]},"properties":{"Name":null,"description":null,"KETERANGAN":"Kaw Perlindungan mangrove","POLA_RUANG":"Kawasan Lindung"}},
{"type":"Feature","geometry":null,"properties":{"Name":null,"description":null,"KETERANGAN":"Kaw Perlindungan mangrove","POLA_RUANG":"Kawasan Lindung"}},
{"type":"Feature","geometry":null,"properties":{"Name":null,"description":null,"KETERANGAN":"Kaw Perlindungan mangrove","POLA_RUANG":"Kawasan Lindung"}},
{"type":"Feature","geometry":null,"properties":{"Name":null,"description":null,"KETERANGAN":"Kaw Perlindungan mangrove","POLA_RUANG":"Kawasan Lindung"}},
{"type":"Feature","geometry":null,"properties":{"Name":null,"description":null,"KETERANGAN":"Kaw Perlindungan mangrove","POLA_RUANG":"Kawasan Lindung"}},
{"type":"Feature","geometry":{"type":"Polygon","coordinates":[[[108.864586824661,-7.65972253576916],[108.867021279684,-7.65843256316512],[108.867258133228,-7.65615784384476],[108.864486476114,-7.656340861734181],[108.864586824661,-7.65972253576916]]]},"properties":{"Name":null,"description":null,"KETERANGAN":"Kaw Perlindungan mangrove","POLA_RUANG":"Kawasan Lindung"}},
{"type":"Feature","geometry":null,"properties":{"Name":null,"description":null,"KETERANGAN":"Kaw Perlindungan mangrove","POLA_RUANG":"Kawasan Lindung"}},
{"type":"Feature","geometry":{"type":"Polygon","coordinates":[[[108.879789963734,-7.65424827416485],[108.873025751027,-7.6560507772292],[108.875851262392,-7.65795929306947],[108.879789963734,-7.65424827416485]]]},"properties":{"Name":null,"description":null,"KETERANGAN":"Kaw Perlindungan mangrove","POLA_RUANG":"Kawasan Lindung"}},
{"type":"Feature","geometry":null,"properties":{"Name":null,"description":null,"KETERANGAN":"Kaw Perlindungan mangrove","POLA_RUANG":"Kawasan Lindung"}},
{"type":"Feature","geometry":null,"properties":{"Name":null,"description":null,"KETERANGAN":"Kaw Perlindungan mangrove","POLA_RUANG":"Kawasan Lindung"}},
{"type":"Feature","geometry":null,"properties":{"Name":null,"description":null,"KETERANGAN":"Kaw Perlindungan mangrove","POLA_RUANG":"Kawasan Lindung"}},
{"type":"Feature","geometry":null,"properties":{"Name":null,"description":null,"KETERANGAN":"Kaw Perlindungan mangrove","POLA_RUANG":"Kawasan Lindung"}},
{"type":"Feature","geometry":{"type":"Polygon","coordinates":[[[108.869656821255,-7.69301244925123],[108.86707612919,-7.688694285995809],[108.86740275231,-7.69107486357146],[108.869656821255,-7.69301244925123]]]},"properties":{"Name":null,"description":null,"KETERANGAN":"Kaw Perlindungan mangrove","POLA_RUANG":"Kawasan Lindung"}},
{"type":"Feature","geometry":{"type":"Polygon","coordinates":[[[108.872234847426,-7.70508621636822],[108.875253096887,-7.70423879032591],[108.873951395123,-7.69938451482951],[108.869838412394,-7.69819803009368],[108.869818998258,-7.70078895204007],[108.872234847426,-7.70508621636822]]]},"properties":{"Name":null,"description":null,"KETERANGAN":"Kaw Perlindungan mangrove","POLA_RUANG":"Kawasan Lindung"}},
{"type":"Feature","geometry":{"type":"Polygon","coordinates":[[[108.843527800559,-7.63927019505815],[108.846371275917,-7.63567483577012],[108.844818852514,-7.63396888809259],[108.844020855065,-7.63524434953914],[108.843721425493,-7.63611926848258],[108.843527800559,-7.63927019505815]]]},"properties":{"Name":null,"description":null,"KETERANGAN":"Kaw Perlindungan mangrove","POLA_RUANG":"Kawasan Lindung"}},
{"type":"Feature","geometry":null,"properties":{"Name":null,"description":null,"KETERANGAN":"Kaw Perlindungan mangrove","POLA_RUANG":"Kawasan Lindung"}},
{"type":"Feature","geometry":{"type":"Polygon","coordinates":[[[108.847104106001,-7.652225276260861],[108.850599605179,-7.64846865025135],[108.847332074586,-7.64674355927935],[108.846136527406,-7.650910204849089],[108.847104106001,-7.652225276260861]]]},"properties":{"Name":null,"description":null,"KETERANGAN":"Kaw Perlindungan mangrove","POLA_RUANG":"Kawasan Lindung"}},
{"type":"Feature","geometry":null,"properties":{"Name":null,"description":null,"KETERANGAN":"Kaw Perlindungan mangrove","POLA_RUANG":"Kawasan Lindung"}},
{"type":"Feature","geometry":null,"properties":{"Name":null,"description":null,"KETERANGAN":"Kaw Perlindungan mangrove","POLA_RUANG":"Kawasan Lindung"}},
{"type":"Feature","geometry":null,"properties":{"Name":null,"description":null,"KETERANGAN":"Kaw Perlindungan mangrove","POLA_RUANG":"Kawasan Lindung"}},
{"type":"Feature","geometry":{"type":"Polygon","coordinates":[[[108.825360226612,-7.635108099658501],[108.821752373318,-7.636706061068059],[108.821777766856,-7.639966725968629],[108.822140740891,-7.63825173685978],[108.825360226612,-7.635108099658501]]]},"properties":{"Name":null,"description":null,"KETERANGAN":"Kaw Perlindungan mangrove","POLA_RUANG":"Kawasan Lindung"}},
{"type":"Feature","geometry":null,"properties":{"Name":null,"description":null,"KETERANGAN":"Kaw Perlindungan mangrove","POLA_RUANG":"Kawasan Lindung"}},
{"type":"Feature","geometry":{"type":"Polygon","coordinates":[[[108.838713573993,-7.63037969497101],[108.839348608399,-7.62411435378295],[108.83817330743,-7.62378306188775],[108.835583730383,-7.63041161232864],[108.838713573993,-7.63037969497101]]]},"properties":{"Name":null,"description":null,"KETERANGAN":"Kaw Perlindungan mangrove","POLA_RUANG":"Kawasan Lindung"}},
{"type":"Feature","geometry":null,"properties":{"Name":null,"description":null,"KETERANGAN":"Kaw Perlindungan mangrove","POLA_RUANG":"Kawasan Lindung"}},
{"type":"Feature","geometry":{"type":"Polygon","coordinates":[[[108.830915826004,-7.63085337329259],[108.828129362142,-7.62986405256329],[108.827862853815,-7.632380494648],[108.828497716142,-7.63227200439145],[108.830058456157,-7.631156883917821],[108.830437080554,-7.63085097128494],[108.830915826004,-7.63085337329259]]]},"properties":{"Name":null,"description":null,"KETERANGAN":"Kaw Perlindungan mangrove","POLA_RUANG":"Kawasan Lindung"}},
{"type":"Feature","geometry":null,"properties":{"Name":null,"description":null,"KETERANGAN":"Kaw Perlindungan mangrove","POLA_RUANG":"Kawasan Lindung"}},
{"type":"Feature","geometry":{"type":"Polygon","coordinates":[[[108.802400779154,-7.65490450534955],[108.800241341689,-7.656636090453871],[108.797079195905,-7.65529367548856],[108.798839278386,-7.652230043808699],[108.79457313958,-7.64877704788229],[108.792887006862,-7.649283359998669],[108.794959316106,-7.65489485626473],[108.798876310069,-7.658758006516591],[108.800941828323,-7.659013837517109],[108.802400779154,-7.65490450534955]]]},"properties":{"Name":null,"description":null,"KETERANGAN":"Kaw Perlindungan mangrove","POLA_RUANG":"Kawasan Lindung"}},
{"type":"Feature","geometry":{"type":"Polygon","coordinates":[[[108.897957621506,-7.65870446044678],[108.890859834147,-7.658820073838579],[108.893375069692,-7.665720505874939],[108.896162943041,-7.66828251951907],[108.899407644561,-7.6699186346638],[108.908832786196,-7.67364988819701],[108.909648191767,-7.66986579032156],[108.907970753202,-7.66998752422326],[108.90497039451,-7.6698867213722],[108.90406115185,-7.667695613638099],[108.899701276391,-7.660922975959581],[108.897957621506,-7.65870446044678]]]},"properties":{"Name":null,"description":null,"KETERANGAN":"Kaw Perlindungan mangrove","POLA_RUANG":"Kawasan Lindung"}},
{"type":"Feature","geometry":{"type":"Polygon","coordinates":[[[108.882892850733,-7.68653979751637],[108.877973879911,-7.688519544649589],[108.875399963719,-7.69047212575384],[108.875433056896,-7.69044739237828],[108.877655775463,-7.6894466140544],[108.881393827765,-7.69126579592188],[108.882972994519,-7.69318157632953],[108.882892850733,-7.68653979751637]]]},"properties":{"Name":null,"description":null,"KETERANGAN":"Kaw Perlindungan mangrove","POLA_RUANG":"Kawasan Lindung"}},
{"type":"Feature","geometry":{"type":"Polygon","coordinates":[[[108.887862800062,-7.67614044898002],[108.880286230043,-7.67191829343293],[108.876816877384,-7.67736405751276],[108.880788269068,-7.677411247116721],[108.887294890792,-7.67895288513495],[108.890942985431,-7.681434385962181],[108.891230843402,-7.67969365135094],[108.888535211771,-7.67793574268248],[108.887862800062,-7.67614044898002]]]},"properties":{"Name":null,"description":null,"KETERANGAN":"Kaw Perlindungan mangrove","POLA_RUANG":"Kawasan Lindung"}},
{"type":"Feature","geometry":{"type":"Polygon","coordinates":[[[108.895150723837,-7.676914752770691],[108.896768392407,-7.67709919659964],[108.899620735192,-7.67231451010717],[108.898837253922,-7.671152163150641],[108.892578759717,-7.666168966422089],[108.890806468026,-7.66167947311248],[108.889125372976,-7.65980359026218],[108.882432616697,-7.65628222950087],[108.879026434385,-7.657874607575531],[108.882643964311,-7.660351597928901],[108.884889028725,-7.659841519635459],[108.8876010577,-7.66142448327231],[108.888849565009,-7.66525663305244],[108.891802297986,-7.66521827567531],[108.89337808741,-7.66845168640091],[108.892318951762,-7.670811305373471],[108.894348860055,-7.67286463225961],[108.89515093057,-7.6768807607532],[108.895150723837,-7.676914752770691]]]},"properties":{"Name":null,"description":null,"KETERANGAN":"Kaw Perlindungan mangrove","POLA_RUANG":"Kawasan Lindung"}},
{"type":"Feature","geometry":null,"properties":{"Name":null,"description":null,"KETERANGAN":"Kaw Perlindungan mangrove","POLA_RUANG":"Kawasan Lindung"}},
{"type":"Feature","geometry":{"type":"Polygon","coordinates":[[[108.885464420764,-7.679275200694591],[108.880736074535,-7.67831429985787],[108.876647819444,-7.67825342299397],[108.873067231284,-7.67731252421813],[108.87380012604,-7.68186764460575],[108.879069078766,-7.68239966481763],[108.883919331974,-7.68190147210347],[108.885464420764,-7.679275200694591]]]},"properties":{"Name":null,"description":null,"KETERANGAN":"Kaw Perlindungan mangrove","POLA_RUANG":"Kawasan Lindung"}},
{"type":"Feature","geometry":{"type":"Polygon","coordinates":[[[108.88840895933,-7.67130948201143],[108.870447236155,-7.66627284385705],[108.870749908987,-7.66542035060198],[108.889144295624,-7.67054977142222],[108.891400479634,-7.67086333438628],[108.892338745932,-7.667746253340019],[108.891290972953,-7.6659739208951],[108.888640155243,-7.66619044899895],[108.887148119901,-7.66388901742379],[108.884277384593,-7.6635416622509],[108.875687981723,-7.66447564375873],[108.870562055528,-7.663957961707241],[108.867521867515,-7.66290779188046],[108.864599596895,-7.663690394715959],[108.867956132823,-7.668003740333591],[108.877028990674,-7.66969020910853],[108.881030169698,-7.67126102411518],[108.888492536772,-7.67540141269232],[108.88840895933,-7.67130948201143]]]},"properties":{"Name":null,"description":null,"KETERANGAN":"Kaw Perlindungan mangrove","POLA_RUANG":"Kawasan Lindung"}},
{"type":"Feature","geometry":{"type":"Polygon","coordinates":[[[109.013818882575,-7.66532435691489],[109.015825772116,-7.66446303612989],[109.016355355337,-7.66201959166914],[109.012393946227,-7.66346311602106],[109.013818882575,-7.66532435691489]]]},"properties":{"Name":null,"description":null,"KETERANGAN":"Kaw Perlindungan mangrove","POLA_RUANG":"Kawasan Lindung"}},
{"type":"Feature","geometry":{"type":"Polygon","coordinates":[[[108.883617231214,-7.68282097981901],[108.879057703834,-7.683303780309589],[108.87380903059,-7.68277165316984],[108.874502644148,-7.68482708708327],[108.87270679972,-7.68617716603422],[108.874416468939,-7.68857367788229],[108.879230372479,-7.68653261912601],[108.883119748756,-7.68558032555634],[108.883617231214,-7.68282097981901]]]},"properties":{"Name":null,"description":null,"KETERANGAN":"Kaw Perlindungan mangrove","POLA_RUANG":"Kawasan Lindung"}},
{"type":"Feature","geometry":{"type":"Polygon","coordinates":[[[108.810140615834,-7.65873970141211],[108.80645060723,-7.662109963503],[108.809081122019,-7.66506133523411],[108.81070385644,-7.66893643219622],[108.81251954028,-7.66587723864988],[108.812266951287,-7.66081606832352],[108.813703795948,-7.65437395016065],[108.81111877918,-7.6586572128831],[108.810140615834,-7.65873970141211]]]},"properties":{"Name":null,"description":null,"KETERANGAN":"Kaw Perlindungan mangrove","POLA_RUANG":"Kawasan Lindung"}},
{"type":"Feature","geometry":{"type":"Polygon","coordinates":[[[108.817984978123,-7.65363209305076],[108.820061979675,-7.65375531368069],[108.822131379747,-7.65558322703446],[108.822745639945,-7.65995171122033],[108.824909066102,-7.658275016059921],[108.823995136167,-7.654529661523681],[108.821586067661,-7.653070736981061],[108.817984978123,-7.65363209305076]]]},"properties":{"Name":null,"description":null,"KETERANGAN":"Kaw Perlindungan mangrove","POLA_RUANG":"Kawasan Lindung"}},
{"type":"Feature","geometry":null,"properties":{"Name":null,"description":null,"KETERANGAN":"Kaw Perlindungan mangrove","POLA_RUANG":"Kawasan Lindung"}},
{"type":"Feature","geometry":null,"properties":{"Name":null,"description":null,"KETERANGAN":"Kaw Perlindungan mangrove","POLA_RUANG":"Kawasan Lindung"}},
{"type":"Feature","geometry":null,"properties":{"Name":null,"description":null,"KETERANGAN":"Kaw Perlindungan mangrove","POLA_RUANG":"Kawasan Lindung"}},
{"type":"Feature","geometry":null,"properties":{"Name":null,"description":null,"KETERANGAN":"Kaw Perlindungan mangrove","POLA_RUANG":"Kawasan Lindung"}},
{"type":"Feature","geometry":{"type":"Polygon","coordinates":[[[108.820939835758,-7.65216373666856],[108.824612649374,-7.653822044936611],[108.825855440807,-7.65796296691205],[108.823911182567,-7.66030512507655],[108.823716055411,-7.66243644485268],[108.827731986706,-7.657552645540191],[108.828461917385,-7.655923439420931],[108.829510229457,-7.65408387677668],[108.827731630179,-7.650603673781891],[108.824519859502,-7.65069979835193],[108.820939835758,-7.65216373666856]]]},"properties":{"Name":null,"description":null,"KETERANGAN":"Kaw Perlindungan mangrove","POLA_RUANG":"Kawasan Lindung"}},
{"type":"Feature","geometry":{"type":"Polygon","coordinates":[[[108.817330404359,-7.65340552380842],[108.814996304628,-7.65899492810526],[108.815045794271,-7.66564772754083],[108.82003248365,-7.66530317900448],[108.822083860833,-7.664047907573739],[108.822822942144,-7.662270201706839],[108.820137113888,-7.65972778131524],[108.821555251155,-7.65839019105953],[108.821152763823,-7.65591530672559],[108.817393139837,-7.6533928157487],[108.817330404359,-7.65340552380842]]]},"properties":{"Name":null,"description":null,"KETERANGAN":"Kaw Perlindungan mangrove","POLA_RUANG":"Kawasan Lindung"}},
{"type":"Feature","geometry":null,"properties":{"Name":null,"description":null,"KETERANGAN":"Kaw Perlindungan mangrove","POLA_RUANG":"Kawasan Lindung"}},
{"type":"Feature","geometry":null,"properties":{"Name":null,"description":null,"KETERANGAN":"Kaw Perlindungan mangrove","POLA_RUANG":"Kawasan Lindung"}},
{"type":"Feature","geometry":null,"properties":{"Name":null,"description":null,"KETERANGAN":"Kaw Perlindungan mangrove","POLA_RUANG":"Kawasan Lindung"}},
{"type":"Feature","geometry":null,"properties":{"Name":null,"description":null,"KETERANGAN":"Kaw Perlindungan mangrove","POLA_RUANG":"Kawasan Lindung"}},
{"type":"Feature","geometry":{"type":"Polygon","coordinates":[[[108.997093619511,-7.64836243299455],[109.002116867192,-7.650279573534851],[109.002415499857,-7.65205514394324],[109.007245464612,-7.65401576944827],[109.008913096758,-7.651344039263321],[109.005530385999,-7.65138264703844],[109.001089678443,-7.64766457536725],[108.997093619511,-7.64836243299455]]]},"properties":{"Name":null,"description":null,"KETERANGAN":"Kaw Perlindungan mangrove","POLA_RUANG":"Kawasan Lindung"}},
{"type":"Feature","geometry":null,"properties":{"Name":null,"description":null,"KETERANGAN":"Kaw Perlindungan mangrove","POLA_RUANG":"Kawasan Lindung"}},
{"type":"Feature","geometry":null,"properties":{"Name":null,"description":null,"KETERANGAN":"Kaw Perlindungan mangrove","POLA_RUANG":"Kawasan Lindung"}},
{"type":"Feature","geometry":{"type":"Polygon","coordinates":[[[108.99283372199,-7.670064291187],[108.99528857219,-7.67201255786192],[108.997473248579,-7.66901642849449],[108.99283372199,-7.670064291187]]]},"properties":{"Name":null,"description":null,"KETERANGAN":"Kaw Perlindungan mangrove","POLA_RUANG":"Kawasan Lindung"}},
{"type":"Feature","geometry":null,"properties":{"Name":null,"description":null,"KETERANGAN":"Kaw Perlindungan mangrove","POLA_RUANG":"Kawasan Lindung"}},
{"type":"Feature","geometry":null,"properties":{"Name":null,"description":null,"KETERANGAN":"Kaw Perlindungan mangrove","POLA_RUANG":"Kawasan Lindung"}},
{"type":"Feature","geometry":null,"properties":{"Name":null,"description":null,"KETERANGAN":"Kaw Perlindungan mangrove","POLA_RUANG":"Kawasan Lindung"}},
{"type":"Feature","geometry":null,"properties":{"Name":null,"description":null,"KETERANGAN":"Kaw Perlindungan mangrove","POLA_RUANG":"Kawasan Lindung"}},
{"type":"Feature","geometry":null,"properties":{"Name":null,"description":null,"KETERANGAN":"Kaw Perlindungan mangrove","POLA_RUANG":"Kawasan Lindung"}},
{"type":"Feature","geometry":null,"properties":{"Name":null,"description":null,"KETERANGAN":"Kaw Perlindungan mangrove","POLA_RUANG":"Kawasan Lindung"}},
{"type":"Feature","geometry":null,"properties":{"Name":null,"description":null,"KETERANGAN":"Kaw Perlindungan mangrove","POLA_RUANG":"Kawasan Lindung"}},
{"type":"Feature","geometry":null,"properties":{"Name":null,"description":null,"KETERANGAN":"Kaw Perlindungan mangrove","POLA_RUANG":"Kawasan Lindung"}},
{"type":"Feature","geometry":null,"properties":{"Name":null,"description":null,"KETERANGAN":"Kaw Perlindungan mangrove","POLA_RUANG":"Kawasan Lindung"}},
{"type":"Feature","geometry":null,"properties":{"Name":null,"description":null,"KETERANGAN":"Kaw Perlindungan mangrove","POLA_RUANG":"Kawasan Lindung"}},
{"type":"Feature","geometry":null,"properties":{"Name":null,"description":null,"KETERANGAN":"Kaw Perlindungan mangrove","POLA_RUANG":"Kawasan Lindung"}},
{"type":"Feature","geometry":null,"properties":{"Name":null,"description":null,"KETERANGAN":"Kaw Perlindungan mangrove","POLA_RUANG":"Kawasan Lindung"}},
{"type":"Feature","geometry":null,"properties":{"Name":null,"description":null,"KETERANGAN":"Kaw Perlindungan mangrove","POLA_RUANG":"Kawasan Lindung"}},
{"type":"Feature","geometry":null,"properties":{"Name":null,"description":null,"KETERANGAN":"Kaw Perlindungan mangrove","POLA_RUANG":"Kawasan Lindung"}},
{"type":"Feature","geometry":null,"properties":{"Name":null,"description":null,"KETERANGAN":"Kaw Perlindungan mangrove","POLA_RUANG":"Kawasan Lindung"}},
{"type":"Feature","geometry":null,"properties":{"Name":null,"description":null,"KETERANGAN":"Kaw Perlindungan mangrove","POLA_RUANG":"Kawasan Lindung"}},
{"type":"Feature","geometry":{"type":"Polygon","coordinates":[[[108.872234847426,-7.70508621636822],[108.869818998258,-7.70078895204007],[108.869838412394,-7.69819803009368],[108.865181871735,-7.69781224156594],[108.862457054011,-7.69899063858802],[108.870005787193,-7.70257930577332],[108.872234847426,-7.70508621636822]]]},"properties":{"Name":null,"description":null,"KETERANGAN":"Kaw Perlindungan mangrove","POLA_RUANG":"Kawasan Lindung"}},
{"type":"Feature","geometry":null,"properties":{"Name":null,"description":null,"KETERANGAN":"Kaw Perlindungan mangrove","POLA_RUANG":"Kawasan Lindung"}},
{"type":"Feature","geometry":null,"properties":{"Name":null,"description":null,"KETERANGAN":"Kaw Perlindungan mangrove","POLA_RUANG":"Kawasan Lindung"}},
{"type":"Feature","geometry":null,"properties":{"Name":null,"description":null,"KETERANGAN":"Kaw Perlindungan mangrove","POLA_RUANG":"Kawasan Lindung"}},
{"type":"Feature","geometry":null,"properties":{"Name":null,"description":null,"KETERANGAN":"Kaw Perlindungan mangrove","POLA_RUANG":"Kawasan Lindung"}},
{"type":"Feature","geometry":null,"properties":{"Name":null,"description":null,"KETERANGAN":"Kaw Perlindungan mangrove","POLA_RUANG":"Kawasan Lindung"}},
{"type":"Feature","geometry":null,"properties":{"Name":null,"description":null,"KETERANGAN":"Kaw Perlindungan mangrove","POLA_RUANG":"Kawasan Lindung"}},
{"type":"Feature","geometry":null,"properties":{"Name":null,"description":null,"KETERANGAN":"Kaw Perlindungan mangrove","POLA_RUANG":"Kawasan Lindung"}},
{"type":"Feature","geometry":null,"properties":{"Name":null,"description":null,"KETERANGAN":"Kaw Perlindungan mangrove","POLA_RUANG":"Kawasan Lindung"}},
{"type":"Feature","geometry":null,"properties":{"Name":null,"description":null,"KETERANGAN":"Kaw Perlindungan mangrove","POLA_RUANG":"Kawasan Lindung"}},
{"type":"Feature","geometry":null,"properties":{"Name":null,"description":null,"KETERANGAN":"Kaw Perlindungan mangrove","POLA_RUANG":"Kawasan Lindung"}},
{"type":"Feature","geometry":null,"properties":{"Name":null,"description":null,"KETERANGAN":"Kaw Perlindungan mangrove","POLA_RUANG":"Kawasan Lindung"}},
{"type":"Feature","geometry":null,"properties":{"Name":null,"description":null,"KETERANGAN":"Kaw Perlindungan mangrove","POLA_RUANG":"Kawasan Lindung"}},
{"type":"Feature","geometry":{"type":"Polygon","coordinates":[[[108.998981586928,-7.65381159258934],[108.998536423578,-7.65569232340436],[109.000668602085,-7.65818107510852],[109.002766489842,-7.65646224838911],[108.998981586928,-7.65381159258934]]]},"properties":{"Name":null,"description":null,"KETERANGAN":"Kaw Perlindungan mangrove","POLA_RUANG":"Kawasan Lindung"}},
{"type":"Feature","geometry":null,"properties":{"Name":null,"description":null,"KETERANGAN":"Kaw Perlindungan mangrove","POLA_RUANG":"Kawasan Lindung"}},
{"type":"Feature","geometry":null,"properties":{"Name":null,"description":null,"KETERANGAN":"Kaw Perlindungan mangrove","POLA_RUANG":"Kawasan Lindung"}},
{"type":"Feature","geometry":null,"properties":{"Name":null,"description":null,"KETERANGAN":"Kaw Perlindungan mangrove","POLA_RUANG":"Kawasan Lindung"}},
{"type":"Feature","geometry":null,"properties":{"Name":null,"description":null,"KETERANGAN":"Kaw Perlindungan mangrove","POLA_RUANG":"Kawasan Lindung"}},
{"type":"Feature","geometry":null,"properties":{"Name":null,"description":null,"KETERANGAN":"Kaw Perlindungan mangrove","POLA_RUANG":"Kawasan Lindung"}},
{"type":"Feature","geometry":null,"properties":{"Name":null,"description":null,"KETERANGAN":"Kaw Perlindungan mangrove","POLA_RUANG":"Kawasan Lindung"}},
{"type":"Feature","geometry":null,"properties":{"Name":null,"description":null,"KETERANGAN":"Kaw Perlindungan mangrove","POLA_RUANG":"Kawasan Lindung"}},
{"type":"Feature","geometry":null,"properties":{"Name":null,"description":null,"KETERANGAN":"Kaw Perlindungan mangrove","POLA_RUANG":"Kawasan Lindung"}},
{"type":"Feature","geometry":null,"properties":{"Name":null,"description":null,"KETERANGAN":"Kaw Perlindungan mangrove","POLA_RUANG":"Kawasan Lindung"}},
{"type":"Feature","geometry":null,"properties":{"Name":null,"description":null,"KETERANGAN":"Kaw Perlindungan mangrove","POLA_RUANG":"Kawasan Lindung"}},
{"type":"Feature","geometry":null,"properties":{"Name":null,"description":null,"KETERANGAN":"Kaw Perlindungan mangrove","POLA_RUANG":"Kawasan Lindung"}},
{"type":"Feature","geometry":null,"properties":{"Name":null,"description":null,"KETERANGAN":"Kaw Perlindungan mangrove","POLA_RUANG":"Kawasan Lindung"}},
{"type":"Feature","geometry":{"type":"Polygon","coordinates":[[[109.018402143096,-7.65114341518599],[109.016257643574,-7.65295443722246],[109.013851301651,-7.65217783822338],[109.012822096194,-7.65639360270319],[109.013808396413,-7.65784358655339],[109.017716427881,-7.65723861030544],[109.020379675938,-7.65582634794666],[109.019709745741,-7.65149303614437],[109.018402143096,-7.65114341518599]]]},"properties":{"Name":null,"description":null,"KETERANGAN":"Kaw Perlindungan mangrove","POLA_RUANG":"Kawasan Lindung"}},
{"type":"Feature","geometry":null,"properties":{"Name":null,"description":null,"KETERANGAN":"Kaw Perlindungan mangrove","POLA_RUANG":"Kawasan Lindung"}},
{"type":"Feature","geometry":null,"properties":{"Name":null,"description":null,"KETERANGAN":"Kaw Perlindungan mangrove","POLA_RUANG":"Kawasan Lindung"}},
{"type":"Feature","geometry":{"type":"Polygon","coordinates":[[[109.021347346629,-7.642809994873719],[109.020079082559,-7.64330189762176],[109.020298065059,-7.64394683472677],[109.021615665335,-7.64310473365473],[109.021347346629,-7.642809994873719]]]},"properties":{"Name":null,"description":null,"KETERANGAN":"Kaw Perlindungan mangrove","POLA_RUANG":"Kawasan Lindung"}},
{"type":"Feature","geometry":null,"properties":{"Name":null,"description":null,"KETERANGAN":"Kaw Perlindungan mangrove","POLA_RUANG":"Kawasan Lindung"}},
{"type":"Feature","geometry":null,"properties":{"Name":null,"description":null,"KETERANGAN":"Kaw Perlindungan mangrove","POLA_RUANG":"Kawasan Lindung"}},
{"type":"Feature","geometry":null,"properties":{"Name":null,"description":null,"KETERANGAN":"Kaw Perlindungan mangrove","POLA_RUANG":"Kawasan Lindung"}},
{"type":"Feature","geometry":null,"properties":{"Name":null,"description":null,"KETERANGAN":"Kaw Perlindungan mangrove","POLA_RUANG":"Kawasan Lindung"}},
{"type":"Feature","geometry":null,"properties":{"Name":null,"description":null,"KETERANGAN":"Kaw Perlindungan mangrove","POLA_RUANG":"Kawasan Lindung"}},
{"type":"Feature","geometry":{"type":"Polygon","coordinates":[[[109.007269566539,-7.67604471975816],[109.008163988823,-7.67319028472869],[109.007414498302,-7.66947875031179],[109.008817009307,-7.66872206910213],[109.006866846948,-7.665549788558729],[109.003742423718,-7.662731503534809],[109.003343438758,-7.66010501597168],[108.999321169233,-7.662935184283681],[108.996553625072,-7.66387315216254],[108.994598976729,-7.66645262836379],[109.003063498438,-7.66661328558266],[109.004204635392,-7.669870660074279],[109.000836408639,-7.670830002965011],[108.999946199628,-7.67379980783584],[109.002189658365,-7.6761522604414],[109.00512444666,-7.67744923174347],[109.007269566539,-7.67604471975816]]]},"properties":{"Name":null,"description":null,"KETERANGAN":"Kaw Perlindungan mangrove","POLA_RUANG":"Kawasan Lindung"}},
{"type":"Feature","geometry":{"type":"Polygon","coordinates":[[[109.023786064577,-7.66382834673959],[109.023024866681,-7.65996865856538],[109.019403111348,-7.66063911784509],[109.021702830666,-7.6645587096441],[109.023786064577,-7.66382834673959]]]},"properties":{"Name":null,"description":null,"KETERANGAN":"Kaw Perlindungan mangrove","POLA_RUANG":"Kawasan Lindung"}},
{"type":"Feature","geometry":null,"properties":{"Name":null,"description":null,"KETERANGAN":"Kaw Perlindungan mangrove","POLA_RUANG":"Kawasan Lindung"}},
{"type":"Feature","geometry":null,"properties":{"Name":null,"description":null,"KETERANGAN":"Kaw Perlindungan mangrove","POLA_RUANG":"Kawasan Lindung"}},
{"type":"Feature","geometry":null,"properties":{"Name":null,"description":null,"KETERANGAN":"Kaw Perlindungan mangrove","POLA_RUANG":"Kawasan Lindung"}},
{"type":"Feature","geometry":{"type":"Polygon","coordinates":[[[108.836994719061,-7.67595284947394],[108.844388376148,-7.675329253089971],[108.850441106081,-7.67390578044777],[108.857353286465,-7.67370204135921],[108.860363535656,-7.67249253797917],[108.859770812951,-7.67088642204902],[108.856311840845,-7.66981367822819],[108.849096218135,-7.66857081601829],[108.846054218797,-7.6684966383373],[108.842059738984,-7.6699415451344],[108.836660847803,-7.67433471971733],[108.836994719061,-7.67595284947394]]]},"properties":{"Name":null,"description":null,"KETERANGAN":"Kaw Perlindungan mangrove","POLA_RUANG":"Kawasan Lindung"}},
{"type":"Feature","geometry":null,"properties":{"Name":null,"description":null,"KETERANGAN":"Kaw Perlindungan mangrove","POLA_RUANG":"Kawasan Lindung"}},
{"type":"Feature","geometry":null,"properties":{"Name":null,"description":null,"KETERANGAN":"Kaw Perlindungan mangrove","POLA_RUANG":"Kawasan Lindung"}},
{"type":"Feature","geometry":{"type":"Polygon","coordinates":[[[108.863048664779,-7.6841916919204],[108.864867634875,-7.67940875512515],[108.863571254799,-7.67682818096721],[108.851053929733,-7.67702725192716],[108.844268575883,-7.678139153961241],[108.83963024679,-7.67982483948626],[108.840460135588,-7.682174935874291],[108.844836640356,-7.67982045035265],[108.847204075857,-7.679328675610081],[108.854226904315,-7.68064302586262],[108.860194122227,-7.68348756696401],[108.863048664779,-7.6841916919204]]]},"properties":{"Name":null,"description":null,"KETERANGAN":"Kaw Perlindungan mangrove","POLA_RUANG":"Kawasan Lindung"}},
{"type":"Feature","geometry":null,"properties":{"Name":null,"description":null,"KETERANGAN":"Kaw Perlindungan mangrove","POLA_RUANG":"Kawasan Lindung"}},
{"type":"Feature","geometry":null,"properties":{"Name":null,"description":null,"KETERANGAN":"Kaw Perlindungan mangrove","POLA_RUANG":"Kawasan Lindung"}},
{"type":"Feature","geometry":{"type":"Polygon","coordinates":[[[108.869998063685,-7.69436278326532],[108.86965852726,-7.693014847808061],[108.869656821255,-7.69301244925123],[108.86740275231,-7.69107486357146],[108.86707612919,-7.688694285995809],[108.86601191035,-7.684924761265601],[108.863181123613,-7.686491912241271],[108.855476114564,-7.68370455339542],[108.85914268304,-7.68806119242845],[108.860329636852,-7.69402131817744],[108.866759314358,-7.695374320037691],[108.869998063685,-7.69436278326532]]]},"properties":{"Name":null,"description":null,"KETERANGAN":"Kaw Perlindungan mangrove","POLA_RUANG":"Kawasan Lindung"}},
{"type":"Feature","geometry":{"type":"Polygon","coordinates":[[[108.893968672426,-7.70794727582987],[108.889227141298,-7.70432449002323],[108.887197428187,-7.699834323699659],[108.88572618376,-7.69849961442558],[108.88131636926,-7.69905730468869],[108.876349254484,-7.70054379088478],[108.877161537721,-7.703405373345449],[108.880379212132,-7.70683129041452],[108.88467663662,-7.70763056350365],[108.891195595686,-7.70748573116219],[108.893968672426,-7.70794727582987]]]},"properties":{"Name":null,"description":null,"KETERANGAN":"Kaw Perlindungan mangrove","POLA_RUANG":"Kawasan Lindung"}},
{"type":"Feature","geometry":null,"properties":{"Name":null,"description":null,"KETERANGAN":"Kaw Perlindungan mangrove","POLA_RUANG":"Kawasan Lindung"}},
{"type":"Feature","geometry":null,"properties":{"Name":null,"description":null,"KETERANGAN":"Kaw Perlindungan mangrove","POLA_RUANG":"Kawasan Lindung"}},
{"type":"Feature","geometry":null,"properties":{"Name":null,"description":null,"KETERANGAN":"Kaw Perlindungan mangrove","POLA_RUANG":"Kawasan Lindung"}},
{"type":"Feature","geometry":null,"properties":{"Name":null,"description":null,"KETERANGAN":"Kaw Perlindungan mangrove","POLA_RUANG":"Kawasan Lindung"}},
{"type":"Feature","geometry":null,"properties":{"Name":null,"description":null,"KETERANGAN":"Kaw Perlindungan mangrove","POLA_RUANG":"Kawasan Lindung"}},
{"type":"Feature","geometry":{"type":"Polygon","coordinates":[[[108.800440032134,-7.66106225167824],[108.8000362561,-7.66312572535491],[108.803681821529,-7.6706847236562],[108.802700832106,-7.66278524878943],[108.800440032134,-7.66106225167824]]]},"properties":{"Name":null,"description":null,"KETERANGAN":"Kaw Perlindungan mangrove","POLA_RUANG":"Kawasan Lindung"}},
{"type":"Feature","geometry":null,"properties":{"Name":null,"description":null,"KETERANGAN":"Kaw Perlindungan mangrove","POLA_RUANG":"Kawasan Lindung"}},
{"type":"Feature","geometry":null,"properties":{"Name":null,"description":null,"KETERANGAN":"Kaw Perlindungan mangrove","POLA_RUANG":"Kawasan Lindung"}},
{"type":"Feature","geometry":null,"properties":{"Name":null,"description":null,"KETERANGAN":"Kaw Perlindungan mangrove","POLA_RUANG":"Kawasan Lindung"}},
{"type":"Feature","geometry":null,"properties":{"Name":null,"description":null,"KETERANGAN":"Kaw Perlindungan mangrove","POLA_RUANG":"Kawasan Lindung"}},
{"type":"Feature","geometry":null,"properties":{"Name":null,"description":null,"KETERANGAN":"Kaw Perlindungan mangrove","POLA_RUANG":"Kawasan Lindung"}},
{"type":"Feature","geometry":{"type":"Polygon","coordinates":[[[108.953586563012,-7.721742325378361],[108.95779823469,-7.721211028318489],[108.960541290756,-7.723014070501931],[108.963229153906,-7.72670622415119],[108.965144578389,-7.72806233561275],[108.968339601883,-7.7282945139684],[108.975545745975,-7.732360668269179],[108.976858138644,-7.72965317649615],[108.967087390543,-7.72306073281829],[108.962102297112,-7.719084995603511],[108.958131440641,-7.71981582522011],[108.953586563012,-7.721742325378361]]]},"properties":{"Name":null,"description":null,"KETERANGAN":"Kaw Perlindungan mangrove","POLA_RUANG":"Kawasan Lindung"}},
{"type":"Feature","geometry":{"type":"Polygon","coordinates":[[[108.802400779154,-7.65490450534955],[108.800941828323,-7.659013837517109],[108.802994404561,-7.65808992212067],[108.802400779154,-7.65490450534955]]]},"properties":{"Name":null,"description":null,"KETERANGAN":"Kaw Perlindungan mangrove","POLA_RUANG":"Kawasan Lindung"}},
{"type":"Feature","geometry":{"type":"Polygon","coordinates":[[[108.957769865007,-7.687286680942971],[108.958669183297,-7.685306351095111],[108.955923270157,-7.68133937986518],[108.950747019806,-7.67807514145051],[108.948024367259,-7.68229887693535],[108.952329112642,-7.682155342581919],[108.953770183498,-7.6843083854827],[108.957769865007,-7.687286680942971]]]},"properties":{"Name":null,"description":null,"KETERANGAN":"Kaw Perlindungan mangrove","POLA_RUANG":"Kawasan Lindung"}},
{"type":"Feature","geometry":null,"properties":{"Name":null,"description":null,"KETERANGAN":"Kaw Perlindungan mangrove","POLA_RUANG":"Kawasan Lindung"}},
{"type":"Feature","geometry":{"type":"Polygon","coordinates":[[[108.948840124154,-7.71781231826076],[108.949485911253,-7.7153032572808],[108.951778663793,-7.715717861162159],[108.953076097862,-7.717923563604849],[108.958945443217,-7.716017443497969],[108.955004700297,-7.71129487156889],[108.95473912548,-7.70912942618846],[108.947157435222,-7.71259359279281],[108.943702595668,-7.71102370610645],[108.94301355484,-7.71324156854466],[108.946627590103,-7.715457766561811],[108.948840124154,-7.71781231826076]]]},"properties":{"Name":null,"description":null,"KETERANGAN":"Kaw Perlindungan mangrove","POLA_RUANG":"Kawasan Lindung"}},
{"type":"Feature","geometry":null,"properties":{"Name":null,"description":null,"KETERANGAN":"Kaw Perlindungan mangrove","POLA_RUANG":"Kawasan Lindung"}},
{"type":"Feature","geometry":null,"properties":{"Name":null,"description":null,"KETERANGAN":"Kaw Perlindungan mangrove","POLA_RUANG":"Kawasan Lindung"}},
{"type":"Feature","geometry":null,"properties":{"Name":null,"description":null,"KETERANGAN":"Kaw Perlindungan mangrove","POLA_RUANG":"Kawasan Lindung"}},
{"type":"Feature","geometry":null,"properties":{"Name":null,"description":null,"KETERANGAN":"Kaw Perlindungan mangrove","POLA_RUANG":"Kawasan Lindung"}},
{"type":"Feature","geometry":null,"properties":{"Name":null,"description":null,"KETERANGAN":"Kaw Perlindungan mangrove","POLA_RUANG":"Kawasan Lindung"}},
{"type":"Feature","geometry":null,"properties":{"Name":null,"description":null,"KETERANGAN":"Kaw Perlindungan mangrove","POLA_RUANG":"Kawasan Lindung"}},
{"type":"Feature","geometry":null,"properties":{"Name":null,"description":null,"KETERANGAN":"Kaw Perlindungan mangrove","POLA_RUANG":"Kawasan Lindung"}},
{"type":"Feature","geometry":{"type":"Polygon","coordinates":[[[108.941043097367,-7.69135048197255],[108.934407826704,-7.6865490430295],[108.932217808308,-7.679784470124589],[108.930278071496,-7.67868345880182],[108.926304592624,-7.67966793859133],[108.924360368308,-7.68231702675721],[108.924414087501,-7.68458685498855],[108.921343293453,-7.68486114577122],[108.917334514461,-7.68651543747105],[108.911196390504,-7.68639379656916],[108.902464502936,-7.68304235130979],[108.90012613088,-7.68538390156096],[108.899840919889,-7.68805757374586],[108.904954745437,-7.688466287624951],[108.909840316885,-7.68755844584804],[108.91763812089,-7.69010986443095],[108.920138088771,-7.69152870899707],[108.922402642634,-7.690602777193139],[108.925973052978,-7.69233194862637],[108.930154623804,-7.692186857930901],[108.931831644411,-7.693719762335091],[108.931449612748,-7.69576545876645],[108.935071948595,-7.69724780556623],[108.939133572147,-7.69607085991018],[108.942669011394,-7.693137076476],[108.941043097367,-7.69135048197255]]]},"properties":{"Name":null,"description":null,"KETERANGAN":"Kaw Perlindungan mangrove","POLA_RUANG":"Kawasan Lindung"}},
{"type":"Feature","geometry":null,"properties":{"Name":null,"description":null,"KETERANGAN":"Kaw Perlindungan mangrove","POLA_RUANG":"Kawasan Lindung"}},
{"type":"Feature","geometry":{"type":"Polygon","coordinates":[[[108.914723382476,-7.69294688455237],[108.91405133381,-7.69032092546215],[108.909409675067,-7.68839646633744],[108.899462509417,-7.68888427219235],[108.903266303276,-7.69164895276446],[108.895255486637,-7.69009901969778],[108.888931541966,-7.694105432789459],[108.888229643735,-7.69708644039012],[108.890344981297,-7.700686014991611],[108.89199665959,-7.70129095261195],[108.89397426958,-7.70480523071689],[108.896519829,-7.70275324221121],[108.899764969905,-7.70156683723478],[108.902259309612,-7.699006099256651],[108.905561609386,-7.697873598699],[108.910055214051,-7.69745984112868],[108.91185359982,-7.69564624389052],[108.912354839089,-7.692997638209041],[108.914723382476,-7.69294688455237]]]},"properties":{"Name":null,"description":null,"KETERANGAN":"Kaw Perlindungan mangrove","POLA_RUANG":"Kawasan Lindung"}},
{"type":"Feature","geometry":null,"properties":{"Name":null,"description":null,"KETERANGAN":"Kaw Perlindungan mangrove","POLA_RUANG":"Kawasan Lindung"}},
{"type":"Feature","geometry":{"type":"Polygon","coordinates":[[[108.899830308328,-7.71901738919117],[108.899960112468,-7.723400331028261],[108.897118371714,-7.725049668694699],[108.895705396368,-7.72355843677257],[108.892809217845,-7.7231283333145],[108.892592888604,-7.72540527971127],[108.898392469907,-7.726816940822919],[108.903866074778,-7.72293036168363],[108.90206419004,-7.71809473136971],[108.901816023385,-7.714488208273379],[108.898241195562,-7.71094789665497],[108.895015365927,-7.710326723383419],[108.895111223087,-7.71356837379371],[108.899830308328,-7.71901738919117]]]},"properties":{"Name":null,"description":null,"KETERANGAN":"Kaw Perlindungan mangrove","POLA_RUANG":"Kawasan Lindung"}},
{"type":"Feature","geometry":{"type":"Polygon","coordinates":[[[108.896903958125,-7.7175872157728],[108.894325708027,-7.71420575248755],[108.894108871768,-7.71032104984304],[108.891235970714,-7.70994802602384],[108.889716075171,-7.711123778965701],[108.893648688471,-7.718677178085],[108.896405299687,-7.72013039429938],[108.896903958125,-7.7175872157728]]]},"properties":{"Name":null,"description":null,"KETERANGAN":"Kaw Perlindungan mangrove","POLA_RUANG":"Kawasan Lindung"}},
{"type":"Feature","geometry":{"type":"Polygon","coordinates":[[[108.908554551905,-7.706292769848449],[108.90218896737,-7.70258835025563],[108.898076370039,-7.70450791734017],[108.896078476784,-7.70639745355995],[108.896959793365,-7.70842607368089],[108.902327964438,-7.70776847239876],[108.908554551905,-7.706292769848449]]]},"properties":{"Name":null,"description":null,"KETERANGAN":"Kaw Perlindungan mangrove","POLA_RUANG":"Kawasan Lindung"}},
{"type":"Feature","geometry":{"type":"Polygon","coordinates":[[[108.947006447713,-7.67736778503358],[108.948523108939,-7.680536108351071],[108.950469234641,-7.67720038834189],[108.952511433751,-7.67595024134478],[108.951523937339,-7.67391949687131],[108.952243432103,-7.66866124945201],[108.94607222215,-7.668737061195719],[108.945941732802,-7.67096631131485],[108.942963280384,-7.67117074446011],[108.941788452858,-7.67358904823998],[108.94504669316,-7.67497038464009],[108.947006447713,-7.67736778503358]]]},"properties":{"Name":null,"description":null,"KETERANGAN":"Kaw Perlindungan mangrove","POLA_RUANG":"Kawasan Lindung"}},
{"type":"Feature","geometry":null,"properties":{"Name":null,"description":null,"KETERANGAN":"Kaw Perlindungan mangrove","POLA_RUANG":"Kawasan Lindung"}},
{"type":"Feature","geometry":null,"properties":{"Name":null,"description":null,"KETERANGAN":"Kaw Perlindungan mangrove","POLA_RUANG":"Kawasan Lindung"}},
{"type":"Feature","geometry":{"type":"Polygon","coordinates":[[[108.835289071284,-7.639444801383639],[108.837138959414,-7.63708886051524],[108.841468917688,-7.63371101813256],[108.839543736628,-7.6330561858287],[108.837157825238,-7.63472586970528],[108.835289071284,-7.639444801383639]]]},"properties":{"Name":null,"description":null,"KETERANGAN":"Kaw Perlindungan mangrove","POLA_RUANG":"Kawasan Lindung"}},
{"type":"Feature","geometry":{"type":"Polygon","coordinates":[[[108.843578519582,-7.64529553086343],[108.843404926556,-7.64252550043678],[108.840490985308,-7.64639610817154],[108.840574553781,-7.64981968962677],[108.838655533396,-7.65459353655649],[108.841251372398,-7.65383636863467],[108.842097406048,-7.64816276390586],[108.843578519582,-7.64529553086343]]]},"properties":{"Name":null,"description":null,"KETERANGAN":"Kaw Perlindungan mangrove","POLA_RUANG":"Kawasan Lindung"}},
{"type":"Feature","geometry":{"type":"Polygon","coordinates":[[[108.945498021692,-7.67901068884971],[108.944571622697,-7.675763019507131],[108.941094263247,-7.67418256319007],[108.939287457507,-7.67766424793601],[108.936386241218,-7.680359406510799],[108.933003378567,-7.680869003615169],[108.934872602688,-7.68440915077831],[108.938430365122,-7.68278143826265],[108.944409573473,-7.68175941492508],[108.945498021692,-7.67901068884971]]]},"properties":{"Name":null,"description":null,"KETERANGAN":"Kaw Perlindungan mangrove","POLA_RUANG":"Kawasan Lindung"}},
{"type":"Feature","geometry":{"type":"Polygon","coordinates":[[[109.020298065059,-7.64394683472677],[109.020079082559,-7.64330189762176],[109.020957494117,-7.64695841330129],[109.021054870696,-7.64716321680962],[109.020298065059,-7.64394683472677]]]},"properties":{"Name":null,"description":null,"KETERANGAN":"Kaw Perlindungan mangrove","POLA_RUANG":"Kawasan Lindung"}},
{"type":"Feature","geometry":null,"properties":{"Name":null,"description":null,"KETERANGAN":"Kaw Perlindungan mangrove","POLA_RUANG":"Kawasan Lindung"}},
{"type":"Feature","geometry":null,"properties":{"Name":null,"description":null,"KETERANGAN":"Kaw Perlindungan mangrove","POLA_RUANG":"Kawasan Lindung"}},
{"type":"Feature","geometry":{"type":"Polygon","coordinates":[[[108.943445433124,-7.684992470443169],[108.940868914791,-7.68326227843027],[108.934886666548,-7.68577965115167],[108.937220564453,-7.68683983281309],[108.939734733078,-7.68984095524738],[108.944152049605,-7.691423746672439],[108.947438956871,-7.68966177218284],[108.949600392563,-7.690528587772299],[108.953470395862,-7.69504035785411],[108.957003373335,-7.693802315545051],[108.955701390577,-7.690775092173001],[108.951600463881,-7.6907271219505],[108.949825176138,-7.68893787469985],[108.946829846775,-7.68874749817057],[108.943445433124,-7.684992470443169]]]},"properties":{"Name":null,"description":null,"KETERANGAN":"Kaw Perlindungan mangrove","POLA_RUANG":"Kawasan Lindung"}},
{"type":"Feature","geometry":{"type":"Polygon","coordinates":[[[108.946677655282,-7.686402151674221],[108.947284571636,-7.68795367259415],[108.950409497033,-7.688232175877701],[108.949827894386,-7.68583877182119],[108.946677655282,-7.686402151674221]]]},"properties":{"Name":null,"description":null,"KETERANGAN":"Kaw Perlindungan mangrove","POLA_RUANG":"Kawasan Lindung"}},
{"type":"Feature","geometry":null,"properties":{"Name":null,"description":null,"KETERANGAN":"Kaw Perlindungan mangrove","POLA_RUANG":"Kawasan Lindung"}},
{"type":"Feature","geometry":null,"properties":{"Name":null,"description":null,"KETERANGAN":"Kaw Perlindungan mangrove","POLA_RUANG":"Kawasan Lindung"}},
{"type":"Feature","geometry":{"type":"Polygon","coordinates":[[[108.919542456791,-7.68464496635018],[108.923623862972,-7.68366459006924],[108.924784254122,-7.68030947989877],[108.922716192705,-7.67881379429898],[108.916889770624,-7.67994782511322],[108.915150574118,-7.681066946850281],[108.910802903636,-7.68179059649955],[108.912649590619,-7.684120991776759],[108.919542456791,-7.68464496635018]]]},"properties":{"Name":null,"description":null,"KETERANGAN":"Kaw Perlindungan mangrove","POLA_RUANG":"Kawasan Lindung"}},
{"type":"Feature","geometry":null,"properties":{"Name":null,"description":null,"KETERANGAN":"Kaw Perlindungan mangrove","POLA_RUANG":"Kawasan Lindung"}},
{"type":"Feature","geometry":null,"properties":{"Name":null,"description":null,"KETERANGAN":"Kaw Perlindungan mangrove","POLA_RUANG":"Kawasan Lindung"}},
{"type":"Feature","geometry":null,"properties":{"Name":null,"description":null,"KETERANGAN":"Kaw Perlindungan mangrove","POLA_RUANG":"Kawasan Lindung"}},
{"type":"Feature","geometry":null,"properties":{"Name":null,"description":null,"KETERANGAN":"Kaw Perlindungan mangrove","POLA_RUANG":"Kawasan Lindung"}},
{"type":"Feature","geometry":{"type":"Polygon","coordinates":[[[108.946579086052,-7.703364625680611],[108.94601852586,-7.69814067949078],[108.943101157022,-7.69772060057808],[108.93374362349,-7.69971064366758],[108.928966961423,-7.69731268713314],[108.928836786817,-7.69550425809717],[108.925786340854,-7.69551001650745],[108.924352611108,-7.69380719258504],[108.921575896554,-7.693343213775759],[108.91845455167,-7.697105277210121],[108.914018801391,-7.695327957503651],[108.912982057426,-7.69830185826756],[108.910576725265,-7.69955348729147],[108.903718672935,-7.70073033486772],[108.904188314501,-7.70249405266838],[108.908170039674,-7.70498535667408],[108.908683546509,-7.70628605113339],[108.918156410717,-7.70704653160573],[108.92139411774,-7.70213569089243],[108.924532170504,-7.700439745486561],[108.923005557644,-7.705536493909261],[108.927397375604,-7.70585190402284],[108.927435534868,-7.7037238314796],[108.93067417274,-7.701923132751099],[108.933187591311,-7.70207106870393],[108.935031015284,-7.703958209636809],[108.940333018151,-7.70367095671893],[108.942635625819,-7.70490504227556],[108.944245409748,-7.702923966548189],[108.946579086052,-7.703364625680611]]]},"properties":{"Name":null,"description":null,"KETERANGAN":"Kaw Perlindungan mangrove","POLA_RUANG":"Kawasan Lindung"}},
{"type":"Feature","geometry":{"type":"Polygon","coordinates":[[[109.019246457648,-7.642509492291801],[109.018874635339,-7.64139617049788],[109.018076708043,-7.641342226270281],[109.017719392034,-7.64258062853167],[109.019246457648,-7.642509492291801]]]},"properties":{"Name":null,"description":null,"KETERANGAN":"Kaw Perlindungan mangrove","POLA_RUANG":"Kawasan Lindung"}},
{"type":"Feature","geometry":null,"properties":{"Name":null,"description":null,"KETERANGAN":"Kaw Perlindungan mangrove","POLA_RUANG":"Kawasan Lindung"}},
{"type":"Feature","geometry":null,"properties":{"Name":null,"description":null,"KETERANGAN":"Kaw Perlindungan mangrove","POLA_RUANG":"Kawasan Lindung"}},
{"type":"Feature","geometry":null,"properties":{"Name":null,"description":null,"KETERANGAN":"Kaw Perlindungan mangrove","POLA_RUANG":"Kawasan Lindung"}},
{"type":"Feature","geometry":null,"properties":{"Name":null,"description":null,"KETERANGAN":"Kaw Perlindungan mangrove","POLA_RUANG":"Kawasan Lindung"}},
{"type":"Feature","geometry":null,"properties":{"Name":null,"description":null,"KETERANGAN":"Kaw Perlindungan mangrove","POLA_RUANG":"Kawasan Lindung"}},
{"type":"Feature","geometry":{"type":"Polygon","coordinates":[[[108.961973465967,-7.71430514736222],[108.962895158097,-7.713940932148819],[108.961651729425,-7.70565841198715],[108.959145518879,-7.69573111847029],[108.953318194366,-7.697676351446181],[108.951669107996,-7.69680317488921],[108.948258680619,-7.692892187129321],[108.945189959627,-7.69368551155616],[108.94434265241,-7.695270008007399],[108.946907201772,-7.697774675632649],[108.947098334708,-7.701590196776589],[108.94954701696,-7.70548601344349],[108.952690025082,-7.70709264064446],[108.956415475188,-7.7071225676846],[108.957657394423,-7.71138622802377],[108.960087947523,-7.71385992850793],[108.961973465967,-7.71430514736222]]]},"properties":{"Name":null,"description":null,"KETERANGAN":"Kaw Perlindungan mangrove","POLA_RUANG":"Kawasan Lindung"}},
{"type":"Feature","geometry":null,"properties":{"Name":null,"description":null,"KETERANGAN":"Kaw Perlindungan mangrove","POLA_RUANG":"Kawasan Lindung"}},
{"type":"Feature","geometry":null,"properties":{"Name":null,"description":null,"KETERANGAN":"Kaw Perlindungan mangrove","POLA_RUANG":"Kawasan Lindung"}},
{"type":"Feature","geometry":null,"properties":{"Name":null,"description":null,"KETERANGAN":"Kaw Perlindungan mangrove","POLA_RUANG":"Kawasan Lindung"}},
{"type":"Feature","geometry":{"type":"Polygon","coordinates":[[[108.938165177138,-7.70520004899424],[108.934068331251,-7.70443960172311],[108.931033278826,-7.70285360575541],[108.929352986777,-7.70453407907157],[108.928634939128,-7.70832104242437],[108.929048174453,-7.71110226944032],[108.936567350707,-7.71148427133443],[108.939881098539,-7.706610292324221],[108.938165177138,-7.70520004899424]]]},"properties":{"Name":null,"description":null,"KETERANGAN":"Kaw Perlindungan mangrove","POLA_RUANG":"Kawasan Lindung"}},
{"type":"Feature","geometry":null,"properties":{"Name":null,"description":null,"KETERANGAN":"Kaw Perlindungan mangrove","POLA_RUANG":"Kawasan Lindung"}},
{"type":"Feature","geometry":null,"properties":{"Name":null,"description":null,"KETERANGAN":"Kaw Perlindungan mangrove","POLA_RUANG":"Kawasan Lindung"}},
{"type":"Feature","geometry":null,"properties":{"Name":null,"description":null,"KETERANGAN":"Kaw Perlindungan mangrove","POLA_RUANG":"Kawasan Lindung"}},
{"type":"Feature","geometry":null,"properties":{"Name":null,"description":null,"KETERANGAN":"Kaw Perlindungan mangrove","POLA_RUANG":"Kawasan Lindung"}},
{"type":"Feature","geometry":null,"properties":{"Name":null,"description":null,"KETERANGAN":"Kaw Perlindungan mangrove","POLA_RUANG":"Kawasan Lindung"}},
{"type":"Feature","geometry":{"type":"Polygon","coordinates":[[[108.843527800559,-7.63927019505815],[108.843721425493,-7.63611926848258],[108.84264984818,-7.63547780872223],[108.836878483808,-7.64085694160523],[108.83613036208,-7.64528673003915],[108.83854951522,-7.64551212778017],[108.843527800559,-7.63927019505815]]]},"properties":{"Name":null,"description":null,"KETERANGAN":"Kaw Perlindungan mangrove","POLA_RUANG":"Kawasan Lindung"}},
{"type":"Feature","geometry":null,"properties":{"Name":null,"description":null,"KETERANGAN":"Kaw Perlindungan mangrove","POLA_RUANG":"Kawasan Lindung"}},
{"type":"Feature","geometry":null,"properties":{"Name":null,"description":null,"KETERANGAN":"Kaw Perlindungan mangrove","POLA_RUANG":"Kawasan Lindung"}},
{"type":"Feature","geometry":null,"properties":{"Name":null,"description":null,"KETERANGAN":"Kaw Perlindungan mangrove","POLA_RUANG":"Kawasan Lindung"}},
{"type":"Feature","geometry":null,"properties":{"Name":null,"description":null,"KETERANGAN":"Kaw Perlindungan mangrove","POLA_RUANG":"Kawasan Lindung"}},
{"type":"Feature","geometry":null,"properties":{"Name":null,"description":null,"KETERANGAN":"Kaw Perlindungan mangrove","POLA_RUANG":"Kawasan Lindung"}},
{"type":"Feature","geometry":null,"properties":{"Name":null,"description":null,"KETERANGAN":"Kaw Perlindungan mangrove","POLA_RUANG":"Kawasan Lindung"}},
{"type":"Feature","geometry":null,"properties":{"Name":null,"description":null,"KETERANGAN":"Kaw Perlindungan mangrove","POLA_RUANG":"Kawasan Lindung"}},
{"type":"Feature","geometry":{"type":"Polygon","coordinates":[[[108.828233957636,-7.64775902120478],[108.829109356639,-7.64786351269111],[108.833601342541,-7.64492462122922],[108.834707020918,-7.64022597587545],[108.829243727581,-7.643453296168919],[108.826803925497,-7.64405446998869],[108.821171411885,-7.647075012291249],[108.824154882064,-7.64866647480534],[108.828233957636,-7.64775902120478]]]},"properties":{"Name":null,"description":null,"KETERANGAN":"Kaw Perlindungan mangrove","POLA_RUANG":"Kawasan Lindung"}},
{"type":"Feature","geometry":null,"properties":{"Name":null,"description":null,"KETERANGAN":"Kaw Perlindungan mangrove","POLA_RUANG":"Kawasan Lindung"}},
{"type":"Feature","geometry":null,"properties":{"Name":null,"description":null,"KETERANGAN":"Kaw Perlindungan mangrove","POLA_RUANG":"Kawasan Lindung"}},
{"type":"Feature","geometry":null,"properties":{"Name":null,"description":null,"KETERANGAN":"Kaw Perlindungan mangrove","POLA_RUANG":"Kawasan Lindung"}},
{"type":"Feature","geometry":null,"properties":{"Name":null,"description":null,"KETERANGAN":"Kaw Perlindungan mangrove","POLA_RUANG":"Kawasan Lindung"}},
{"type":"Feature","geometry":{"type":"Polygon","coordinates":[[[108.827731986706,-7.657552645540191],[108.823716055411,-7.66243644485268],[108.82764195936,-7.66026365381204],[108.827731986706,-7.657552645540191]]]},"properties":{"Name":null,"description":null,"KETERANGAN":"Kaw Perlindungan mangrove","POLA_RUANG":"Kawasan Lindung"}},
{"type":"Feature","geometry":null,"properties":{"Name":null,"description":null,"KETERANGAN":"Kaw Perlindungan mangrove","POLA_RUANG":"Kawasan Lindung"}},
{"type":"Feature","geometry":null,"properties":{"Name":null,"description":null,"KETERANGAN":"Kaw Perlindungan mangrove","POLA_RUANG":"Kawasan Lindung"}},
{"type":"Feature","geometry":null,"properties":{"Name":null,"description":null,"KETERANGAN":"Kaw Perlindungan mangrove","POLA_RUANG":"Kawasan Lindung"}},
{"type":"Feature","geometry":null,"properties":{"Name":null,"description":null,"KETERANGAN":"Kaw Perlindungan mangrove","POLA_RUANG":"Kawasan Lindung"}},
{"type":"Feature","geometry":null,"properties":{"Name":null,"description":null,"KETERANGAN":"Kaw Perlindungan mangrove","POLA_RUANG":"Kawasan Lindung"}},
{"type":"Feature","geometry":{"type":"Polygon","coordinates":[[[108.835004973902,-7.650757879198089],[108.837053695065,-7.65129067951648],[108.839339213814,-7.64973699606112],[108.838230088476,-7.64774716257657],[108.835861346183,-7.648852278186181],[108.835004973902,-7.650757879198089]]]},"properties":{"Name":null,"description":null,"KETERANGAN":"Kaw Perlindungan mangrove","POLA_RUANG":"Kawasan Lindung"}},
{"type":"Feature","geometry":null,"properties":{"Name":null,"description":null,"KETERANGAN":"Kaw Perlindungan mangrove","POLA_RUANG":"Kawasan Lindung"}},
{"type":"Feature","geometry":{"type":"Polygon","coordinates":[[[108.962826577409,-7.666243880090611],[108.962870444986,-7.662757803288881],[108.958494298762,-7.66838563080054],[108.95855402841,-7.67149813010864],[108.959878568925,-7.67377614319555],[108.962636146449,-7.6728776862405],[108.965398779549,-7.66819064323748],[108.962826577409,-7.666243880090611]]]},"properties":{"Name":null,"description":null,"KETERANGAN":"Kaw Perlindungan mangrove","POLA_RUANG":"Kawasan Lindung"}},
{"type":"Feature","geometry":{"type":"Polygon","coordinates":[[[108.966472084131,-7.66996060243132],[108.963347716102,-7.67344586963145],[108.965817363987,-7.674522606620671],[108.968973628049,-7.67444576403589],[108.966472084131,-7.66996060243132]]]},"properties":{"Name":null,"description":null,"KETERANGAN":"Kaw Perlindungan mangrove","POLA_RUANG":"Kawasan Lindung"}},
{"type":"Feature","geometry":{"type":"Polygon","coordinates":[[[108.969209166263,-7.67525768393198],[108.963263968223,-7.676444479109011],[108.960662544966,-7.68202935559344],[108.962832079981,-7.68275120768899],[108.965029009416,-7.681083946232051],[108.964553464313,-7.67900528201982],[108.968041758407,-7.677276239069331],[108.969209166263,-7.67525768393198]]]},"properties":{"Name":null,"description":null,"KETERANGAN":"Kaw Perlindungan mangrove","POLA_RUANG":"Kawasan Lindung"}},
{"type":"Feature","geometry":null,"properties":{"Name":null,"description":null,"KETERANGAN":"Kaw Perlindungan mangrove","POLA_RUANG":"Kawasan Lindung"}},
{"type":"Feature","geometry":null,"properties":{"Name":null,"description":null,"KETERANGAN":"Kaw Perlindungan mangrove","POLA_RUANG":"Kawasan Lindung"}},
{"type":"Feature","geometry":null,"properties":{"Name":null,"description":null,"KETERANGAN":"Kaw Perlindungan mangrove","POLA_RUANG":"Kawasan Lindung"}},
{"type":"Feature","geometry":null,"properties":{"Name":null,"description":null,"KETERANGAN":"Kaw Perlindungan mangrove","POLA_RUANG":"Kawasan Lindung"}},
{"type":"Feature","geometry":null,"properties":{"Name":null,"description":null,"KETERANGAN":"Kaw Perlindungan mangrove","POLA_RUANG":"Kawasan Lindung"}},
{"type":"Feature","geometry":null,"properties":{"Name":null,"description":null,"KETERANGAN":"Kaw Perlindungan mangrove","POLA_RUANG":"Kawasan Lindung"}},
{"type":"Feature","geometry":null,"properties":{"Name":null,"description":null,"KETERANGAN":"Kaw Perlindungan mangrove","POLA_RUANG":"Kawasan Lindung"}},
{"type":"Feature","geometry":null,"properties":{"Name":null,"description":null,"KETERANGAN":"Kaw Perlindungan mangrove","POLA_RUANG":"Kawasan Lindung"}},
{"type":"Feature","geometry":null,"properties":{"Name":null,"description":null,"KETERANGAN":"Kaw Perlindungan mangrove","POLA_RUANG":"Kawasan Lindung"}},
{"type":"Feature","geometry":{"type":"Polygon","coordinates":[[[109.000947371289,-7.65866729900904],[108.998065198392,-7.656486020734361],[108.996923605576,-7.658593095901],[108.991329874863,-7.65949006458593],[108.988344985008,-7.66288341631711],[108.988029874758,-7.665160095272489],[108.99139026735,-7.668122814799059],[108.993304680848,-7.66348775786553],[109.000972018482,-7.65867411861727],[109.000947371289,-7.65866729900904]]]},"properties":{"Name":null,"description":null,"KETERANGAN":"Kaw Perlindungan mangrove","POLA_RUANG":"Kawasan Lindung"}},
{"type":"Feature","geometry":null,"properties":{"Name":null,"description":null,"KETERANGAN":"Kaw Perlindungan mangrove","POLA_RUANG":"Kawasan Lindung"}},
{"type":"Feature","geometry":null,"properties":{"Name":null,"description":null,"KETERANGAN":"Kaw Perlindungan mangrove","POLA_RUANG":"Kawasan Lindung"}},
{"type":"Feature","geometry":null,"properties":{"Name":null,"description":null,"KETERANGAN":"Kaw Perlindungan mangrove","POLA_RUANG":"Kawasan Lindung"}},
{"type":"Feature","geometry":{"type":"Polygon","coordinates":[[[108.974114193273,-7.67895970524278],[108.970148724739,-7.67780888815101],[108.966891358528,-7.679806230707421],[108.967610482569,-7.68170710955091],[108.966075460824,-7.685806500310081],[108.963159899666,-7.688312783824549],[108.963100151464,-7.69085554074234],[108.967864054314,-7.69370285461891],[108.966663155901,-7.69022749643961],[108.968112161335,-7.687332467928809],[108.969733504772,-7.68141882477101],[108.97263818348,-7.68207439906206],[108.974114193273,-7.67895970524278]]]},"properties":{"Name":null,"description":null,"KETERANGAN":"Kaw Perlindungan mangrove","POLA_RUANG":"Kawasan Lindung"}},
{"type":"Feature","geometry":{"type":"Polygon","coordinates":[[[108.991222713781,-7.690152819578959],[108.987632377976,-7.69480130035331],[108.990400066069,-7.69490447560615],[108.991222713781,-7.690152819578959]]]},"properties":{"Name":null,"description":null,"KETERANGAN":"Kaw Perlindungan mangrove","POLA_RUANG":"Kawasan Lindung"}},
{"type":"Feature","geometry":null,"properties":{"Name":null,"description":null,"KETERANGAN":"Kaw Perlindungan mangrove","POLA_RUANG":"Kawasan Lindung"}},
{"type":"Feature","geometry":{"type":"Polygon","coordinates":[[[108.867936365583,-7.70972775394677],[108.869664332287,-7.70667248198094],[108.8653104575,-7.70550022205063],[108.864997964389,-7.70727946241142],[108.867936365583,-7.70972775394677]]]},"properties":{"Name":null,"description":null,"KETERANGAN":"Kaw Perlindungan mangrove","POLA_RUANG":"Kawasan Lindung"}},
{"type":"Feature","geometry":{"type":"Polygon","coordinates":[[[108.974914072488,-7.690004059477751],[108.976523493396,-7.69393775688937],[108.978476554036,-7.69405066913407],[108.983434305431,-7.69188694433211],[108.985763507838,-7.69210239486587],[108.987026433427,-7.689311028233889],[108.993109843371,-7.68850799011124],[108.99586270253,-7.68518160395732],[109.001221523063,-7.68143428106348],[109.000894440821,-7.680036162845239],[108.99702737279,-7.67408199071557],[108.995131924076,-7.676620199806839],[108.998167322398,-7.680033514148701],[108.995239350095,-7.68426880844536],[108.986490207787,-7.68693994776152],[108.983639184056,-7.68708024780215],[108.98091477109,-7.689372700259889],[108.977898522973,-7.68684531502865],[108.974771551167,-7.68719218001213],[108.974914072488,-7.690004059477751]]]},"properties":{"Name":null,"description":null,"KETERANGAN":"Kaw Perlindungan mangrove","POLA_RUANG":"Kawasan Lindung"}},
{"type":"Feature","geometry":null,"properties":{"Name":null,"description":null,"KETERANGAN":"Kaw Perlindungan mangrove","POLA_RUANG":"Kawasan Lindung"}},
{"type":"Feature","geometry":{"type":"Polygon","coordinates":[[[108.990655482982,-7.69003398533923],[108.98752624267,-7.69006963240033],[108.986941722611,-7.69226935275382],[108.980332123525,-7.69414981486918],[108.979448028824,-7.696698408154049],[108.976254129873,-7.697511775309809],[108.973517483017,-7.69578508012097],[108.968471567703,-7.697657983774199],[108.971786380186,-7.706198630174991],[108.977221281632,-7.7033585944687],[108.982770848382,-7.701350712945901],[108.984146315372,-7.69986554599418],[108.983577086532,-7.69441159858522],[108.986660063565,-7.69373902494723],[108.987723785109,-7.69085113078697],[108.990655482982,-7.69003398533923]]]},"properties":{"Name":null,"description":null,"KETERANGAN":"Kaw Perlindungan mangrove","POLA_RUANG":"Kawasan Lindung"}},
{"type":"Feature","geometry":null,"properties":{"Name":null,"description":null,"KETERANGAN":"Kaw Perlindungan mangrove","POLA_RUANG":"Kawasan Lindung"}},
{"type":"Feature","geometry":{"type":"Polygon","coordinates":[[[108.991538307678,-7.71710273436026],[108.988913914012,-7.71968215114388],[108.99203163151,-7.719159196727621],[108.991768971851,-7.71805218372989],[108.991538307678,-7.71710273436026]]]},"properties":{"Name":null,"description":null,"KETERANGAN":"Kaw Perlindungan mangrove","POLA_RUANG":"Kawasan Lindung"}},
{"type":"Feature","geometry":null,"properties":{"Name":null,"description":null,"KETERANGAN":"Kaw Perlindungan mangrove","POLA_RUANG":"Kawasan Lindung"}},
{"type":"Feature","geometry":null,"properties":{"Name":null,"description":null,"KETERANGAN":"Kaw Perlindungan mangrove","POLA_RUANG":"Kawasan Lindung"}},
{"type":"Feature","geometry":null,"properties":{"Name":null,"description":null,"KETERANGAN":"Kaw Perlindungan mangrove","POLA_RUANG":"Kawasan Lindung"}},
{"type":"Feature","geometry":{"type":"Polygon","coordinates":[[[108.986542888368,-7.72340842579871],[108.984081084486,-7.7267936330588],[108.98679945531,-7.72938169388133],[108.988281033042,-7.724989798952289],[108.986542888368,-7.72340842579871]]]},"properties":{"Name":null,"description":null,"KETERANGAN":"Kaw Perlindungan mangrove","POLA_RUANG":"Kawasan Lindung"}},
{"type":"Feature","geometry":null,"properties":{"Name":null,"description":null,"KETERANGAN":"Kaw Perlindungan mangrove","POLA_RUANG":"Kawasan Lindung"}},
{"type":"Feature","geometry":{"type":"Polygon","coordinates":[[[108.988913914012,-7.71968215114388],[108.991538307678,-7.71710273436026],[108.990097558522,-7.71236717726433],[108.98909068228,-7.70385504002779],[108.987531588284,-7.70204937457414],[108.984254268362,-7.701891069750939],[108.984774563926,-7.70565426217296],[108.98844503687,-7.706593628609411],[108.987056874428,-7.71183949631076],[108.98394225921,-7.70995350104174],[108.980439478538,-7.711274938916019],[108.978391637798,-7.71078613714729],[108.973996296485,-7.712139458358299],[108.967267856579,-7.70972096239885],[108.968497220774,-7.713136678480521],[108.97229384499,-7.71333102622829],[108.979199197047,-7.71219202217531],[108.981863474321,-7.71349530162161],[108.988097829423,-7.71341077404702],[108.988913914012,-7.71968215114388]]]},"properties":{"Name":null,"description":null,"KETERANGAN":"Kaw Perlindungan mangrove","POLA_RUANG":"Kawasan Lindung"}},
{"type":"Feature","geometry":null,"properties":{"Name":null,"description":null,"KETERANGAN":"Kaw Perlindungan mangrove","POLA_RUANG":"Kawasan Lindung"}},
{"type":"Feature","geometry":{"type":"Polygon","coordinates":[[[108.967159956729,-7.69684011933304],[108.962864521109,-7.69346279416574],[108.963855442653,-7.698089591339],[108.967041653195,-7.70884370220471],[108.968246188697,-7.70846037982424],[108.966036806505,-7.702862660773491],[108.967159956729,-7.69684011933304]]]},"properties":{"Name":null,"description":null,"KETERANGAN":"Kaw Perlindungan mangrove","POLA_RUANG":"Kawasan Lindung"}},
{"type":"Feature","geometry":null,"properties":{"Name":null,"description":null,"KETERANGAN":"Kaw Perlindungan mangrove","POLA_RUANG":"Kawasan Lindung"}},
{"type":"Feature","geometry":null,"properties":{"Name":null,"description":null,"KETERANGAN":"Kaw Perlindungan mangrove","POLA_RUANG":"Kawasan Lindung"}},
{"type":"Feature","geometry":{"type":"Polygon","coordinates":[[[108.984081084486,-7.7267936330588],[108.986542888368,-7.72340842579871],[108.983594075422,-7.72368749269249],[108.982746484323,-7.72197771740553],[108.984116651134,-7.719461018537189],[108.980696925146,-7.71363084830593],[108.978173305983,-7.71335779189535],[108.970011673816,-7.714061601821409],[108.980461053686,-7.72242038143264],[108.984081084486,-7.7267936330588]]]},"properties":{"Name":null,"description":null,"KETERANGAN":"Kaw Perlindungan mangrove","POLA_RUANG":"Kawasan Lindung"}},
{"type":"Feature","geometry":{"type":"Polygon","coordinates":[[[108.952816571671,-7.651530865996691],[108.947628322812,-7.6565078228135],[108.943626583417,-7.656520804425029],[108.9417782433,-7.65756530721313],[108.941478344747,-7.66097968265979],[108.935246729759,-7.661425679312349],[108.935208220475,-7.66683666335502],[108.931901367189,-7.66904340378335],[108.924268384111,-7.67313788912081],[108.920792688016,-7.6740702857514],[108.913403693219,-7.67322089698451],[108.910819963349,-7.67239207708304],[108.909028922053,-7.675210326967861],[108.910193037341,-7.67748966084329],[108.912743127695,-7.676164687242399],[108.919252595857,-7.67478251953312],[108.924451682835,-7.67754937532694],[108.925802874123,-7.67492265572422],[108.929737757949,-7.674520253858021],[108.933574524292,-7.675729566297429],[108.935465453811,-7.674529480678461],[108.935683345925,-7.67207450333474],[108.939375594399,-7.6720515385276],[108.941016702944,-7.668603348188091],[108.947333708009,-7.66522469102797],[108.945375473366,-7.66359122416037],[108.943415688742,-7.664110304530399],[108.936754266295,-7.66265005819069],[108.936931832611,-7.661781315019859],[108.943521168479,-7.66321037273871],[108.947812730675,-7.66150233734118],[108.950364891079,-7.65750301817692],[108.952669344954,-7.6558603134381],[108.95385711058,-7.65285318068649],[108.952816571671,-7.651530865996691]]]},"properties":{"Name":null,"description":null,"KETERANGAN":"Kaw Perlindungan mangrove","POLA_RUANG":"Kawasan Lindung"}},
{"type":"Feature","geometry":{"type":"Polygon","coordinates":[[[108.95326724558,-7.65654017699882],[108.951025424995,-7.658182563673501],[108.950468925594,-7.66512489777361],[108.951287622252,-7.6662663333463],[108.955211944954,-7.66351672031168],[108.955665129134,-7.659156517246791],[108.95326724558,-7.65654017699882]]]},"properties":{"Name":null,"description":null,"KETERANGAN":"Kaw Perlindungan mangrove","POLA_RUANG":"Kawasan Lindung"}},
{"type":"Feature","geometry":null,"properties":{"Name":null,"description":null,"KETERANGAN":"Kaw Perlindungan mangrove","POLA_RUANG":"Kawasan Lindung"}},
{"type":"Feature","geometry":null,"properties":{"Name":null,"description":null,"KETERANGAN":"Kaw Perlindungan mangrove","POLA_RUANG":"Kawasan Lindung"}},
{"type":"Feature","geometry":{"type":"Polygon","coordinates":[[[108.810140615834,-7.65873970141211],[108.81111877918,-7.6586572128831],[108.813703795948,-7.65437395016065],[108.810140615834,-7.65873970141211]]]},"properties":{"Name":null,"description":null,"KETERANGAN":"Kaw Perlindungan mangrove","POLA_RUANG":"Kawasan Lindung"}},
{"type":"Feature","geometry":{"type":"Polygon","coordinates":[[[108.90890794901,-7.67697186119856],[108.906044063749,-7.67374745622785],[108.901925845534,-7.67852047639739],[108.902417537129,-7.68036165516627],[108.905993052387,-7.67974714735394],[108.906195625744,-7.67751350733675],[108.90890794901,-7.67697186119856]]]},"properties":{"Name":null,"description":null,"KETERANGAN":"Kaw Perlindungan mangrove","POLA_RUANG":"Kawasan Lindung"}},
{"type":"Feature","geometry":{"type":"Polygon","coordinates":[[[108.908832786196,-7.67364988819701],[108.899407644561,-7.6699186346638],[108.902116902282,-7.67135558459319],[108.901915494504,-7.67288302558361],[108.898368794583,-7.67880912877993],[108.902612102422,-7.67694028417214],[108.904380444523,-7.673043464090581],[108.908832786196,-7.67364988819701]]]},"properties":{"Name":null,"description":null,"KETERANGAN":"Kaw Perlindungan mangrove","POLA_RUANG":"Kawasan Lindung"}},
{"type":"Feature","geometry":null,"properties":{"Name":null,"description":null,"KETERANGAN":"Kaw Perlindungan mangrove","POLA_RUANG":"Kawasan Lindung"}},
{"type":"Feature","geometry":null,"properties":{"Name":null,"description":null,"KETERANGAN":"Kaw Perlindungan mangrove","POLA_RUANG":"Kawasan Lindung"}},
{"type":"Feature","geometry":null,"properties":{"Name":null,"description":null,"KETERANGAN":"Kaw Perlindungan mangrove","POLA_RUANG":"Kawasan Lindung"}},
{"type":"Feature","geometry":null,"properties":{"Name":null,"description":null,"KETERANGAN":"Kaw Perlindungan mangrove","POLA_RUANG":"Kawasan Lindung"}},
{"type":"Feature","geometry":null,"properties":{"Name":null,"description":null,"KETERANGAN":"Kaw Perlindungan mangrove","POLA_RUANG":"Kawasan Lindung"}},
{"type":"Feature","geometry":{"type":"Polygon","coordinates":[[[108.825360226612,-7.635108099658501],[108.822140740891,-7.63825173685978],[108.821777766856,-7.639966725968629],[108.823514536728,-7.6408544785685],[108.825519278947,-7.6367182851262],[108.825360226612,-7.635108099658501]]]},"properties":{"Name":null,"description":null,"KETERANGAN":"Kaw Perlindungan mangrove","POLA_RUANG":"Kawasan Lindung"}},
{"type":"Feature","geometry":null,"properties":{"Name":null,"description":null,"KETERANGAN":"Kaw Perlindungan mangrove","POLA_RUANG":"Kawasan Lindung"}},
{"type":"Feature","geometry":null,"properties":{"Name":null,"description":null,"KETERANGAN":"Kaw Perlindungan mangrove","POLA_RUANG":"Kawasan Lindung"}},
{"type":"Feature","geometry":{"type":"Polygon","coordinates":[[[108.887862800062,-7.67614044898002],[108.888535211771,-7.67793574268248],[108.891230843402,-7.67969365135094],[108.890942985431,-7.681434385962181],[108.892861313101,-7.68307620167621],[108.896453545176,-7.68144586434839],[108.895381749275,-7.67856825245318],[108.887862800062,-7.67614044898002]]]},"properties":{"Name":null,"description":null,"KETERANGAN":"Kaw Perlindungan mangrove","POLA_RUANG":"Kawasan Lindung"}},
{"type":"Feature","geometry":{"type":"Polygon","coordinates":[[[108.885464420764,-7.679275200694591],[108.883919331974,-7.68190147210347],[108.888534051255,-7.68254242871092],[108.888229335244,-7.68744325553226],[108.889226977003,-7.690541244640299],[108.892733932284,-7.6886149344839],[108.89173512713,-7.6861324257005],[108.892170350606,-7.68368585787199],[108.885464420764,-7.679275200694591]]]},"properties":{"Name":null,"description":null,"KETERANGAN":"Kaw Perlindungan mangrove","POLA_RUANG":"Kawasan Lindung"}},
{"type":"Feature","geometry":{"type":"Polygon","coordinates":[[[108.888508098727,-7.69109589073318],[108.887328159536,-7.687541745714081],[108.884724067249,-7.68743873043335],[108.886966898244,-7.69234456917287],[108.888508098727,-7.69109589073318]]]},"properties":{"Name":null,"description":null,"KETERANGAN":"Kaw Perlindungan mangrove","POLA_RUANG":"Kawasan Lindung"}},
{"type":"Feature","geometry":null,"properties":{"Name":null,"description":null,"KETERANGAN":"Kaw Perlindungan mangrove","POLA_RUANG":"Kawasan Lindung"}},
{"type":"Feature","geometry":null,"properties":{"Name":null,"description":null,"KETERANGAN":"Kaw Perlindungan mangrove","POLA_RUANG":"Kawasan Lindung"}},
{"type":"Feature","geometry":null,"properties":{"Name":null,"description":null,"KETERANGAN":"Kaw Perlindungan mangrove","POLA_RUANG":"Kawasan Lindung"}},
{"type":"Feature","geometry":{"type":"Polygon","coordinates":[[[108.875433056896,-7.69044739237828],[108.875399963719,-7.69047212575384],[108.879060637107,-7.69492771586743],[108.882795741832,-7.69468326529871],[108.886171913703,-7.692785629866901],[108.882892850733,-7.68653979751637],[108.882972994519,-7.69318157632953],[108.878310952351,-7.69060480547061],[108.875433056896,-7.69044739237828]]]},"properties":{"Name":null,"description":null,"KETERANGAN":"Kaw Perlindungan mangrove","POLA_RUANG":"Kawasan Lindung"}},
{"type":"Feature","geometry":{"type":"Polygon","coordinates":[[[108.88840895933,-7.67130948201143],[108.888492536772,-7.67540141269232],[108.8937576308,-7.677188502687491],[108.893518635833,-7.673232263484651],[108.892129351385,-7.67199401787067],[108.88840895933,-7.67130948201143]]]},"properties":{"Name":null,"description":null,"KETERANGAN":"Kaw Perlindungan mangrove","POLA_RUANG":"Kawasan Lindung"}},
{"type":"Feature","geometry":{"type":"Polygon","coordinates":[[[108.883617231214,-7.68282097981901],[108.883119748756,-7.68558032555634],[108.887269665237,-7.68562675945161],[108.888118897541,-7.683350057287869],[108.883617231214,-7.68282097981901]]]},"properties":{"Name":null,"description":null,"KETERANGAN":"Kaw Perlindungan mangrove","POLA_RUANG":"Kawasan Lindung"}},
{"type":"Feature","geometry":{"type":"Polygon","coordinates":[[[108.821413489016,-7.64080440027818],[108.821085383421,-7.64090444128416],[108.821205913143,-7.64393636213622],[108.826602296426,-7.64086449456487],[108.830014905082,-7.638022244281729],[108.827158847964,-7.637458726929101],[108.82424403739,-7.64157825915444],[108.821413489016,-7.64080440027818]]]},"properties":{"Name":null,"description":null,"KETERANGAN":"Kaw Perlindungan mangrove","POLA_RUANG":"Kawasan Lindung"}},
{"type":"Feature","geometry":null,"properties":{"Name":null,"description":null,"KETERANGAN":"Kaw Perlindungan mangrove","POLA_RUANG":"Kawasan Lindung"}},
{"type":"Feature","geometry":{"type":"Polygon","coordinates":[[[108.853256716413,-7.69376726590365],[108.850119304878,-7.6921716423796],[108.848050439984,-7.69388923731758],[108.853933988703,-7.69697914636259],[108.857410280802,-7.70181476369968],[108.86118246562,-7.70304544229909],[108.858876783073,-7.698618323302],[108.858466529855,-7.6962309244491],[108.853256716413,-7.69376726590365]]]},"properties":{"Name":null,"description":null,"KETERANGAN":"Kaw Perlindungan mangrove","POLA_RUANG":"Kawasan Lindung"}},
{"type":"Feature","geometry":null,"properties":{"Name":null,"description":null,"KETERANGAN":"Kaw Perlindungan mangrove","POLA_RUANG":"Kawasan Lindung"}},
{"type":"Feature","geometry":null,"properties":{"Name":null,"description":null,"KETERANGAN":"Kaw Perlindungan mangrove","POLA_RUANG":"Kawasan Lindung"}},
{"type":"Feature","geometry":{"type":"Polygon","coordinates":[[[108.943685124817,-7.72120330956044],[108.938427668337,-7.72200689720046],[108.935245821485,-7.71987288506466],[108.930007789312,-7.72096821236642],[108.93086668697,-7.7225018143808],[108.935602986921,-7.72201742280658],[108.939872383401,-7.72254426817678],[108.943685124817,-7.72120330956044]]]},"properties":{"Name":null,"description":null,"KETERANGAN":"Kaw Perlindungan mangrove","POLA_RUANG":"Kawasan Lindung"}},
{"type":"Feature","geometry":{"type":"Polygon","coordinates":[[[108.929226225193,-7.721454047982949],[108.929592201352,-7.719571409185839],[108.92729076449,-7.715823555269661],[108.92318725082,-7.71260769333613],[108.92225248106,-7.7169644948464],[108.917828440198,-7.722886790876],[108.915723448647,-7.72427733717851],[108.910660487196,-7.7241651898931],[108.908791220157,-7.72146889708407],[108.909598426624,-7.71549256115662],[108.911326480302,-7.712508463268939],[108.912131133896,-7.70899447519221],[108.909541353527,-7.708782957405189],[108.89919866763,-7.710793057997949],[108.90263988218,-7.714108580648961],[108.902979345267,-7.71768488480264],[108.904853299827,-7.72290733375734],[108.904001672231,-7.72452128086617],[108.905317150662,-7.7271673572854],[108.909711804396,-7.725534603209281],[108.912884044537,-7.72754792330962],[108.920071422295,-7.7282881054526],[108.92508536212,-7.72824018223777],[108.925365233198,-7.7255024470675],[108.922640189363,-7.7250372065489],[108.925109156698,-7.7200591723865],[108.927498777826,-7.71810006118705],[108.929226225193,-7.721454047982949]]]},"properties":{"Name":null,"description":null,"KETERANGAN":"Kaw Perlindungan mangrove","POLA_RUANG":"Kawasan Lindung"}},
{"type":"Feature","geometry":{"type":"Polygon","coordinates":[[[108.897082162749,-7.72399619319924],[108.898133145577,-7.721182115283601],[108.895440346111,-7.7208469588397],[108.89289733478,-7.71918378578481],[108.88825015358,-7.71108399567427],[108.885748210416,-7.71425356849802],[108.885979364305,-7.72054661000997],[108.887125672185,-7.72220533215161],[108.89123985824,-7.72121320718243],[108.897082162749,-7.72399619319924]]]},"properties":{"Name":null,"description":null,"KETERANGAN":"Kaw Perlindungan mangrove","POLA_RUANG":"Kawasan Lindung"}},
{"type":"Feature","geometry":{"type":"Polygon","coordinates":[[[108.91318747856,-7.709056682309681],[108.915245810634,-7.71050002332085],[108.918759965976,-7.71475905380027],[108.920436043287,-7.714801652229889],[108.921902576159,-7.71078024483379],[108.91318747856,-7.709056682309681]]]},"properties":{"Name":null,"description":null,"KETERANGAN":"Kaw Perlindungan mangrove","POLA_RUANG":"Kawasan Lindung"}},
{"type":"Feature","geometry":null,"properties":{"Name":null,"description":null,"KETERANGAN":"Kaw Perlindungan mangrove","POLA_RUANG":"Kawasan Lindung"}},
{"type":"Feature","geometry":{"type":"Polygon","coordinates":[[[108.918143472861,-7.71544183497134],[108.916863630114,-7.71354658561329],[108.914190524652,-7.71226585916341],[108.912202699832,-7.71284483949701],[108.910484000725,-7.71568880405466],[108.909692192726,-7.72160404366552],[108.911038886401,-7.72324233172769],[108.914397783347,-7.72275372829073],[108.915264482391,-7.719312771046471],[108.918437395323,-7.718321074881431],[108.918143472861,-7.71544183497134]]]},"properties":{"Name":null,"description":null,"KETERANGAN":"Kaw Perlindungan mangrove","POLA_RUANG":"Kawasan Lindung"}},
{"type":"Feature","geometry":null,"properties":{"Name":null,"description":null,"KETERANGAN":"Kaw Perlindungan mangrove","POLA_RUANG":"Kawasan Lindung"}},
{"type":"Feature","geometry":null,"properties":{"Name":null,"description":null,"KETERANGAN":"Kaw Perlindungan mangrove","POLA_RUANG":"Kawasan Lindung"}},
{"type":"Feature","geometry":null,"properties":{"Name":null,"description":null,"KETERANGAN":"Kaw Perlindungan mangrove","POLA_RUANG":"Kawasan Lindung"}},
{"type":"Feature","geometry":null,"properties":{"Name":null,"description":null,"KETERANGAN":"Kaw Perlindungan mangrove","POLA_RUANG":"Kawasan Lindung"}},
{"type":"Feature","geometry":{"type":"Polygon","coordinates":[[[108.833328469795,-7.63071141080177],[108.831864444275,-7.63085813279127],[108.830616157345,-7.635991917139359],[108.83388330573,-7.63434148291671],[108.833328469795,-7.63071141080177]]]},"properties":{"Name":null,"description":null,"KETERANGAN":"Kaw Perlindungan mangrove","POLA_RUANG":"Kawasan Lindung"}},
{"type":"Feature","geometry":null,"properties":{"Name":null,"description":null,"KETERANGAN":"Kaw Perlindungan mangrove","POLA_RUANG":"Kawasan Lindung"}},
{"type":"Feature","geometry":null,"properties":{"Name":null,"description":null,"KETERANGAN":"Kaw Perlindungan mangrove","POLA_RUANG":"Kawasan Lindung"}},
{"type":"Feature","geometry":null,"properties":{"Name":null,"description":null,"KETERANGAN":"Kaw Perlindungan mangrove","POLA_RUANG":"Kawasan Lindung"}},
{"type":"Feature","geometry":null,"properties":{"Name":null,"description":null,"KETERANGAN":"Kaw Perlindungan mangrove","POLA_RUANG":"Kawasan Lindung"}},
{"type":"Feature","geometry":{"type":"Polygon","coordinates":[[[108.959828334193,-7.65689318313097],[108.96019186539,-7.65930896357129],[108.957684961561,-7.66375047925283],[108.955593247633,-7.665952576941189],[108.955868239807,-7.67115679722101],[108.954403069263,-7.67331061633447],[108.955536772293,-7.67760987322066],[108.957485937702,-7.67847168516458],[108.958316437174,-7.67539955702103],[108.956604538496,-7.673825055649629],[108.957750425774,-7.6719848416787],[108.957604299238,-7.66819971168491],[108.961529245151,-7.66295184699014],[108.959828334193,-7.65689318313097]]]},"properties":{"Name":null,"description":null,"KETERANGAN":"Kaw Perlindungan mangrove","POLA_RUANG":"Kawasan Lindung"}},
{"type":"Feature","geometry":{"type":"Polygon","coordinates":[[[108.989827333396,-7.651427245193849],[108.994750622967,-7.64809712188038],[108.990647047909,-7.64814567581201],[108.989827333396,-7.651427245193849]]]},"properties":{"Name":null,"description":null,"KETERANGAN":"Kaw Perlindungan mangrove","POLA_RUANG":"Kawasan Lindung"}},
{"type":"Feature","geometry":null,"properties":{"Name":null,"description":null,"KETERANGAN":"Kaw Perlindungan mangrove","POLA_RUANG":"Kawasan Lindung"}},
{"type":"Feature","geometry":null,"properties":{"Name":null,"description":null,"KETERANGAN":"Kaw Perlindungan mangrove","POLA_RUANG":"Kawasan Lindung"}},
{"type":"Feature","geometry":null,"properties":{"Name":null,"description":null,"KETERANGAN":"Kaw Perlindungan mangrove","POLA_RUANG":"Kawasan Lindung"}},
{"type":"Feature","geometry":null,"properties":{"Name":null,"description":null,"KETERANGAN":"Kaw Perlindungan mangrove","POLA_RUANG":"Kawasan Lindung"}},
{"type":"Feature","geometry":null,"properties":{"Name":null,"description":null,"KETERANGAN":"Kaw Perlindungan mangrove","POLA_RUANG":"Kawasan Lindung"}},
{"type":"Feature","geometry":null,"properties":{"Name":null,"description":null,"KETERANGAN":"Kaw Perlindungan mangrove","POLA_RUANG":"Kawasan Lindung"}},
{"type":"Feature","geometry":{"type":"Polygon","coordinates":[[[108.830915826004,-7.63085337329259],[108.830437080554,-7.63085097128494],[108.830058456157,-7.631156883917821],[108.830915826004,-7.63085337329259]]]},"properties":{"Name":null,"description":null,"KETERANGAN":"Kaw Perlindungan mangrove","POLA_RUANG":"Kawasan Lindung"}},
{"type":"Feature","geometry":null,"properties":{"Name":null,"description":null,"KETERANGAN":"Kaw Perlindungan mangrove","POLA_RUANG":"Kawasan Lindung"}},
{"type":"Feature","geometry":{"type":"Polygon","coordinates":[[[108.875001134523,-7.71577225982909],[108.878050484228,-7.71607667118131],[108.879952557127,-7.72059689938455],[108.883797460034,-7.72232445661378],[108.884937639314,-7.71969172448084],[108.88483825467,-7.714225385839529],[108.885598665026,-7.71199074538683],[108.887746911232,-7.710331917871811],[108.880602482006,-7.70936081586406],[108.874547959663,-7.70963189238389],[108.870419645104,-7.70717863722292],[108.86726098778,-7.712750659853029],[108.869724768721,-7.716369740361939],[108.873395542172,-7.71699366779899],[108.875001134523,-7.71577225982909]]]},"properties":{"Name":null,"description":null,"KETERANGAN":"Kaw Perlindungan mangrove","POLA_RUANG":"Kawasan Lindung"}},
{"type":"Feature","geometry":null,"properties":{"Name":null,"description":null,"KETERANGAN":"Kaw Perlindungan mangrove","POLA_RUANG":"Kawasan Lindung"}},
{"type":"Feature","geometry":null,"properties":{"Name":null,"description":null,"KETERANGAN":"Kaw Perlindungan mangrove","POLA_RUANG":"Kawasan Lindung"}}
]}